Sample, Meas X, Meas Y, Meas AX, Meas AY, X, Y, VX, VY, AX, AY, CovX, CovY
0,26.00,73.00,48.00,53.00,26.00,73.00,2.53,2.84,47.99,52.99,
1,37.00,49.00,49.00,52.00,36.93,49.15,218.39,-472.36,48.50,52.48,
2,53.00,30.00,48.00,55.00,52.15,29.27,272.09,-425.35,48.33,53.38,
3,43.00,58.00,52.00,55.00,49.80,43.12,136.02,-119.45,49.33,53.93,
4,59.00,79.00,50.00,54.00,58.07,62.39,147.97,52.49,49.50,54.08,
5,42.00,77.00,48.00,52.00,53.15,71.35,82.35,89.62,49.07,53.66,
6,32.00,94.00,47.00,51.00,45.52,84.34,29.83,131.49,48.51,53.20,
7,27.00,98.00,50.00,53.00,38.67,93.92,-1.54,145.99,48.67,53.20,
8,-8.00,113.00,47.00,49.00,20.95,105.72,-62.07,164.33,48.00,52.46,
9,-33.00,123.00,46.00,47.00,0.24,117.12,-115.90,176.73,47.17,51.48,
10,-45.00,129.00,44.00,49.00,-18.13,126.97,-149.97,181.97,46.18,51.02,
11,-65.00,157.00,40.00,50.00,-37.26,142.31,-178.54,200.75,44.60,51.05,
12,-62.00,160.00,41.00,50.00,-50.52,154.50,-187.03,208.35,43.74,50.94,
13,-80.00,167.00,43.00,48.00,-65.03,165.50,-196.59,211.97,43.33,50.41,
14,-64.00,157.00,42.00,51.00,-72.19,171.50,-188.95,204.75,43.25,50.22,
15,-39.00,155.00,42.00,48.00,-71.81,175.65,-167.63,195.10,43.71,49.42,
16,-20.00,191.00,40.00,48.00,-67.08,186.66,-141.35,199.76,44.06,49.36,
17,-61.00,213.00,37.00,48.00,-71.41,200.07,-134.63,208.09,43.02,49.46,
18,-81.00,237.00,35.00,47.00,-78.69,215.74,-133.69,219.16,41.52,49.57,
19,-73.00,265.00,36.00,47.00,-83.02,233.94,-128.13,232.99,40.77,49.98,
20,-52.00,284.00,37.00,47.00,-82.66,252.54,-115.98,245.92,40.89,50.41,
21,-84.00,309.00,37.00,44.00,-87.67,272.50,-112.98,259.37,40.28,50.34,
22,-90.00,288.00,35.00,45.00,-92.74,285.92,-110.40,262.27,39.41,49.45,
23,-52.00,284.00,34.00,41.00,-90.83,296.64,-98.53,261.14,39.55,47.63,
24,-54.00,311.00,34.00,40.00,-89.28,309.91,-88.23,263.50,39.60,46.39,
25,-27.00,349.00,36.00,43.00,-83.67,327.01,-73.55,270.71,40.68,46.68,
26,-22.00,390.00,34.00,44.00,-77.84,347.77,-59.87,282.00,41.22,47.81,
27,-24.00,364.00,37.00,42.00,-72.78,362.19,-48.15,284.55,42.01,46.98,
28,0.00,379.00,35.00,45.00,-64.85,376.81,-33.89,287.27,42.87,46.91,
29,-1.00,407.00,35.00,47.00,-57.76,393.35,-21.67,292.15,43.34,47.61,
30,14.00,446.00,31.00,45.00,-49.33,412.97,-8.90,300.26,43.26,48.57,
31,16.00,453.00,30.00,45.00,-41.39,431.21,2.41,306.25,42.84,48.94,
32,44.00,453.00,30.00,42.00,-30.61,447.35,16.17,309.38,43.13,48.17,
33,10.00,440.00,29.00,42.00,-24.94,460.03,23.29,308.39,41.82,46.40,
34,-9.00,459.00,30.00,41.00,-22.01,473.49,26.93,308.27,40.15,44.90,
35,-37.00,467.00,30.00,40.00,-22.61,486.32,26.41,307.41,37.80,43.20,
36,-34.00,440.00,30.00,41.00,-22.77,494.51,26.40,301.48,35.97,40.57,
37,-68.00,428.00,30.00,43.00,-26.80,500.24,22.15,293.19,33.36,37.93,
38,-62.00,434.00,30.00,43.00,-29.80,505.76,19.24,285.12,31.55,35.79,
39,-60.00,429.00,31.00,46.00,-32.30,509.87,17.07,276.04,30.40,34.19,
40,-58.00,402.00,32.00,49.00,-34.34,510.24,15.56,263.44,29.79,32.28,
41,-53.00,366.00,35.00,50.00,-35.62,506.17,15.10,246.67,30.06,29.55,
42,-34.00,376.00,32.00,50.00,-34.70,503.05,16.98,231.84,30.44,27.90,
43,-47.00,370.00,33.00,50.00,-35.20,499.08,17.25,216.84,30.44,26.38,
44,-53.00,395.00,32.00,50.00,-36.29,497.69,16.82,205.45,30.07,26.21,
45,-24.00,368.00,29.00,49.00,-34.16,493.10,19.86,191.13,30.27,25.03,
46,-32.00,389.00,28.00,49.00,-32.99,490.68,21.63,179.96,29.90,25.00,
47,-48.00,366.00,26.00,47.00,-33.58,485.62,21.32,166.37,28.63,23.77,
48,-51.00,359.00,24.00,50.00,-34.43,479.83,20.66,152.78,27.13,23.23,
49,-64.00,335.00,27.00,47.00,-36.57,471.53,18.70,137.02,26.02,21.51,
50,-68.00,344.00,25.00,50.00,-38.98,464.43,16.45,123.51,24.68,21.32,
51,-82.00,339.00,22.00,47.00,-42.72,456.96,12.73,110.19,22.63,20.68,
52,-84.00,329.00,22.00,49.00,-46.42,448.67,9.22,96.75,21.02,20.44,
53,-104.00,329.00,19.00,50.00,-51.98,440.67,3.70,84.38,18.58,20.70,
54,-129.00,332.00,19.00,50.00,-59.81,433.30,-4.08,73.36,15.89,21.30,
55,-96.00,323.00,19.00,50.00,-63.70,425.26,-7.11,62.24,15.16,21.89,
56,-86.00,312.00,17.00,51.00,-66.28,416.43,-8.59,50.90,14.70,22.50,
57,-82.00,336.00,16.00,54.00,-68.25,410.54,-9.37,43.59,14.38,24.88,
58,-56.00,347.00,15.00,53.00,-67.35,406.06,-6.95,38.31,14.95,27.42,
59,-70.00,350.00,19.00,52.00,-67.87,402.12,-6.16,33.89,15.59,29.57,
60,-100.00,374.00,22.00,52.00,-71.42,400.88,-8.72,32.77,15.60,32.32,
61,-74.00,360.00,21.00,51.00,-72.01,398.24,-7.87,30.16,16.50,34.01,
62,-79.00,347.00,20.00,51.00,-73.04,394.40,-7.56,26.37,16.89,34.98,
63,-61.00,366.00,20.00,52.00,-72.07,392.76,-5.05,25.34,17.89,36.92,
64,-52.00,396.00,21.00,55.00,-70.16,394.39,-1.60,28.17,19.18,40.33,
65,-87.00,435.00,20.00,55.00,-71.96,400.02,-2.55,35.36,18.72,44.45,
66,-61.00,459.00,22.00,54.00,-70.89,407.86,-0.23,44.68,19.71,48.45,
67,-103.00,455.00,20.00,56.00,-74.22,414.88,-3.00,52.64,18.61,51.45,
68,-122.00,462.00,18.00,52.00,-79.32,422.22,-7.69,60.40,16.79,53.12,
69,-118.00,460.00,17.00,49.00,-83.68,428.90,-11.37,66.93,15.45,53.60,
70,-88.00,469.00,18.00,49.00,-84.62,436.11,-11.00,73.71,15.78,54.19,
71,-93.00,467.00,17.00,50.00,-85.96,442.66,-11.14,79.43,15.72,54.47,
72,-121.00,489.00,15.00,53.00,-90.10,451.11,-14.45,87.02,14.35,55.74,
73,-120.00,497.00,13.00,52.00,-93.86,459.83,-17.25,94.49,13.06,56.59,
74,-123.00,506.00,13.00,56.00,-97.66,468.94,-19.94,102.12,12.03,58.00,
75,-100.00,487.00,16.00,56.00,-98.76,475.45,-19.38,106.44,12.70,58.14,
76,-69.00,486.00,20.00,54.00,-96.48,481.35,-14.92,109.81,15.12,57.71,
77,-49.00,473.00,21.00,57.00,-92.16,485.45,-8.32,111.08,17.91,57.21,
78,-15.00,510.00,20.00,60.00,-84.47,493.05,1.67,116.33,21.07,58.74,
79,-36.00,494.00,18.00,59.00,-79.35,498.42,8.25,118.74,22.26,58.76,
80,0.00,505.00,19.00,61.00,-70.71,504.49,18.43,121.91,24.50,59.48,
81,-35.00,491.00,22.00,62.00,-66.16,508.62,23.65,122.71,25.30,59.29,
82,-23.00,491.00,25.00,61.00,-60.57,512.35,29.82,122.99,26.75,58.81,
83,-4.00,515.00,24.00,60.00,-53.34,518.20,37.47,125.61,28.24,59.09,
84,-12.00,504.00,22.00,60.00,-47.36,522.41,43.26,126.23,28.53,58.59,
85,1.00,533.00,21.00,62.00,-40.40,529.25,49.79,129.83,28.83,59.54,
86,-27.00,545.00,21.00,65.00,-36.79,536.80,52.22,134.11,27.81,60.92,
87,-24.00,553.00,23.00,62.00,-33.12,544.57,54.61,138.31,27.31,61.52,
88,13.00,565.00,23.00,58.00,-25.87,552.93,60.83,142.85,28.09,61.57,
89,10.00,539.00,25.00,60.00,-19.40,557.94,65.95,143.42,28.71,60.58,
90,28.00,575.00,27.00,61.00,-11.50,566.20,72.44,147.65,29.99,61.20,
91,-15.00,563.00,26.00,62.00,-8.60,572.56,72.98,149.49,29.01,60.90,
92,-52.00,577.00,23.00,60.00,-9.85,579.78,68.73,152.10,26.23,60.45,
93,-45.00,587.00,24.00,56.00,-10.41,587.40,65.45,154.85,24.44,59.49,
94,-40.00,588.00,25.00,56.00,-10.52,594.45,62.86,156.81,23.36,58.46,
95,-50.00,565.00,27.00,57.00,-11.76,598.47,59.24,155.27,22.48,56.57,
96,-83.00,571.00,30.00,55.00,-16.44,602.63,52.05,153.84,21.17,54.64,
97,-94.00,597.00,30.00,55.00,-22.09,609.01,44.13,154.96,19.88,53.88,
98,-53.00,577.00,31.00,51.00,-23.24,612.67,41.71,152.85,20.69,51.68,
99,-44.00,569.00,31.00,50.00,-23.44,615.02,40.52,149.34,21.73,49.28,
100,-23.00,571.00,33.00,49.00,-21.48,617.18,41.89,145.76,23.70,47.20,
101,-33.00,592.00,32.00,50.00,-20.72,621.16,41.85,144.42,24.71,46.38,
102,-52.00,588.00,32.00,51.00,-22.02,624.27,39.54,142.17,24.82,45.50,
103,-47.00,596.00,31.00,50.00,-22.77,627.78,37.93,140.46,24.96,44.83,
104,-22.00,590.00,34.00,53.00,-20.90,630.24,39.46,137.79,26.55,44.53,
105,-26.00,627.00,33.00,54.00,-19.59,636.19,40.25,139.21,27.46,45.81,
106,-16.00,610.00,34.00,55.00,-17.33,639.80,42.12,137.99,28.69,46.17,
107,-9.00,607.00,38.00,55.00,-14.48,642.68,44.70,136.02,30.59,46.22,
108,-31.00,562.00,36.00,54.00,-14.11,640.48,44.38,128.40,30.89,44.12,
109,-49.00,583.00,37.00,55.00,-15.66,640.37,41.95,123.54,30.65,43.44,
110,-93.00,556.00,36.00,59.00,-21.73,637.28,34.62,115.69,28.76,42.40,
111,-78.00,574.00,37.00,61.00,-25.93,636.05,29.77,110.44,28.16,42.83,
112,-76.00,616.00,37.00,58.00,-29.70,639.06,25.60,110.16,27.89,44.37,
113,-79.00,602.00,37.00,59.00,-33.58,640.29,21.56,107.95,27.71,45.15,
114,-86.00,599.00,38.00,58.00,-37.96,640.97,17.21,105.22,27.64,45.43,
115,-104.00,639.00,41.00,60.00,-43.94,645.63,11.37,107.18,27.64,47.53,
116,-135.00,663.00,41.00,62.00,-52.78,652.40,2.63,111.47,26.76,50.27,
117,-100.00,641.00,40.00,58.00,-57.46,656.32,-1.00,112.27,27.44,50.82,
118,-124.00,611.00,43.00,57.00,-64.29,656.74,-6.71,109.04,27.85,49.69,
119,-107.00,596.00,43.00,61.00,-68.89,655.44,-9.56,104.20,29.06,48.97,
120,-106.00,592.00,42.00,58.00,-73.05,653.62,-11.77,98.96,30.07,47.77,
121,-119.00,601.00,43.00,60.00,-78.23,652.71,-14.95,95.07,30.77,47.55,
122,-148.00,605.00,42.00,57.00,-86.04,652.13,-20.93,91.63,30.31,46.94,
123,-128.00,594.00,40.00,58.00,-91.23,650.31,-23.70,87.06,30.58,46.32,
124,-95.00,555.00,42.00,60.00,-92.56,644.43,-21.88,78.27,32.54,44.86,
125,-93.00,558.00,40.00,60.00,-93.48,639.09,-19.73,70.56,33.91,44.05,
126,-106.00,573.00,40.00,64.00,-95.57,635.55,-18.99,65.43,34.59,44.87,
127,-64.00,569.00,38.00,66.00,-93.06,631.73,-13.19,60.39,36.37,46.05,
128,-72.00,606.00,38.00,67.00,-91.39,631.93,-8.67,60.20,37.44,48.77,
129,-72.00,614.00,38.00,66.00,-89.71,632.92,-4.38,60.91,38.25,51.12,
130,-100.00,599.00,38.00,64.00,-90.92,632.26,-3.56,59.65,37.84,51.96,
131,-70.00,561.00,40.00,61.00,-88.83,627.63,0.98,53.95,38.99,50.75,
132,-92.00,571.00,39.00,61.00,-89.06,624.27,2.67,49.96,38.87,50.25,
133,-58.00,573.00,42.00,64.00,-85.63,621.31,8.44,46.76,40.54,50.73,
134,-93.00,578.00,40.00,60.00,-85.96,619.01,9.63,44.33,40.16,50.58,
135,-106.00,618.00,41.00,63.00,-87.56,621.03,9.33,46.96,39.57,52.61,
136,-134.00,592.00,41.00,64.00,-91.90,620.25,5.99,46.34,38.14,53.26,
137,-168.00,566.00,39.00,67.00,-99.48,616.84,-0.84,42.88,35.55,53.24,
138,-175.00,588.00,39.00,68.00,-107.29,615.93,-7.62,42.45,33.45,54.40,
139,-175.00,559.00,42.00,71.00,-114.57,612.08,-13.32,38.88,32.57,54.83,
140,-196.00,528.00,40.00,72.00,-123.52,605.25,-20.64,32.19,31.00,54.25,
141,-194.00,535.00,44.00,71.00,-131.64,599.56,-26.53,27.12,30.85,54.19,
142,-205.00,522.00,48.00,75.00,-140.30,592.91,-32.56,21.38,31.34,54.58,
143,-173.00,556.00,50.00,74.00,-145.00,590.21,-33.80,20.43,33.59,56.47,
144,-168.00,594.00,52.00,75.00,-148.75,591.70,-33.85,24.31,36.14,59.84,
145,-159.00,602.00,52.00,71.00,-151.19,594.00,-32.42,28.81,38.69,62.17,
146,-128.00,619.00,50.00,75.00,-150.12,598.04,-27.17,35.20,41.62,65.49,
147,-133.00,616.00,51.00,76.00,-149.46,601.62,-22.57,40.81,43.97,68.08,
148,-149.00,610.00,47.00,80.00,-150.35,604.47,-20.04,45.43,44.57,70.48,
149,-155.00,582.00,49.00,80.00,-151.64,604.31,-18.01,46.44,45.24,71.21,
150,-187.00,616.00,48.00,78.00,-156.06,607.73,-19.64,51.33,44.49,72.67,
151,-208.00,622.00,51.00,78.00,-162.25,611.64,-23.10,56.50,43.83,73.90,
152,-229.00,620.00,51.00,77.00,-170.13,615.16,-28.27,60.90,42.76,74.43,
153,-211.00,646.00,52.00,77.00,-175.55,621.20,-30.41,67.93,43.01,75.84,
154,-202.00,634.00,53.00,77.00,-179.56,625.67,-30.80,72.84,43.91,76.32,
155,-241.00,677.00,52.00,79.00,-187.23,634.39,-35.33,82.28,43.21,78.45,
156,-202.00,675.00,52.00,78.00,-190.26,642.39,-34.40,90.43,44.33,79.75,
157,-194.00,717.00,51.00,74.00,-192.12,654.26,-32.29,102.36,45.46,81.45,
158,-180.00,690.00,49.00,76.00,-192.24,662.62,-28.36,109.79,46.59,81.72,
159,-166.00,679.00,49.00,77.00,-190.72,669.30,-22.76,114.97,48.02,81.39,
160,-166.00,705.00,53.00,77.00,-189.10,678.23,-17.23,122.37,49.84,81.86,
161,-160.00,674.00,54.00,79.00,-186.76,683.34,-11.11,125.15,51.67,81.05,
162,-132.00,660.00,58.00,79.00,-181.47,686.58,-1.84,125.69,54.80,79.71,
163,-145.00,639.00,57.00,80.00,-177.68,687.34,5.28,123.41,56.50,77.78,
164,-129.00,664.00,58.00,77.00,-172.31,690.52,13.82,123.85,58.51,76.65,
165,-149.00,673.00,58.00,76.00,-169.20,694.32,19.37,124.89,59.23,75.68,
166,-144.00,669.00,58.00,78.00,-165.65,697.37,25.14,125.09,59.88,74.95,
167,-188.00,703.00,58.00,80.00,-166.78,703.68,25.33,128.94,58.69,75.74,
168,-217.00,673.00,56.00,78.00,-170.81,706.37,22.23,128.42,56.35,74.50,
169,-235.00,672.00,53.00,78.00,-176.43,708.66,17.39,127.45,53.39,73.29,
170,-260.00,668.00,55.00,75.00,-184.26,710.25,10.36,125.60,50.64,71.44,
171,-244.00,658.00,54.00,76.00,-189.92,710.56,6.09,122.46,49.08,69.75,
172,-239.00,636.00,50.00,78.00,-194.67,708.42,2.96,116.80,47.47,67.89,
173,-253.00,657.00,51.00,78.00,-200.51,708.45,-1.23,113.85,46.00,67.25,
174,-240.00,639.00,50.00,79.00,-204.58,706.48,-3.24,108.87,45.30,66.27,
175,-269.00,609.00,50.00,76.00,-211.32,701.35,-8.12,100.48,43.83,63.75,
176,-270.00,649.00,47.00,79.00,-217.70,700.58,-12.46,97.52,42.30,64.03,
177,-297.00,625.00,48.00,83.00,-226.39,697.29,-19.11,92.02,40.50,64.00,
178,-315.00,630.00,45.00,81.00,-236.37,694.60,-26.96,87.42,38.16,63.92,
179,-319.00,631.00,49.00,81.00,-246.04,692.09,-33.96,83.29,37.18,64.03,
180,-310.00,596.00,49.00,80.00,-254.07,686.00,-38.72,75.36,37.07,62.75,
181,-300.00,622.00,47.00,80.00,-260.46,682.90,-41.47,71.23,37.28,63.03,
182,-300.00,599.00,48.00,83.00,-266.30,677.56,-43.38,64.94,37.86,63.06,
183,-295.00,601.00,49.00,85.00,-271.09,672.72,-43.98,59.62,38.91,63.78,
184,-304.00,602.00,53.00,89.00,-276.33,668.26,-44.90,55.19,40.34,65.32,
185,-299.00,565.00,52.00,91.00,-280.56,660.22,-44.60,47.08,41.70,65.71,
186,-332.00,582.00,54.00,93.00,-287.76,654.45,-47.58,42.01,42.15,67.28,
187,-325.00,551.00,51.00,91.00,-293.63,645.79,-48.99,33.97,42.49,67.28,
188,-338.00,546.00,50.00,92.00,-300.31,637.16,-51.24,26.43,42.33,67.60,
189,-357.00,583.00,48.00,92.00,-308.40,632.95,-55.05,24.26,41.40,69.62,
190,-380.00,563.00,47.00,93.00,-318.20,626.99,-60.60,20.31,39.93,70.79,
191,-375.00,530.00,44.00,94.00,-326.72,618.04,-64.50,13.29,38.73,70.92,
192,-381.00,540.00,44.00,96.00,-335.15,610.76,-68.11,8.60,37.84,72.17,
193,-395.00,557.00,46.00,98.00,-344.31,605.80,-72.31,6.87,37.28,74.48,
194,-428.00,586.00,45.00,101.00,-356.15,604.31,-79.34,9.25,35.79,78.18,
195,-467.00,603.00,45.00,103.00,-371.12,604.85,-89.54,13.86,33.60,82.19,
196,-493.00,598.00,44.00,107.00,-387.69,605.03,-101.02,18.00,31.25,85.93,
197,-497.00,588.00,40.00,105.00,-403.48,604.29,-111.16,20.88,29.08,88.28,
198,-490.00,620.00,40.00,104.00,-417.35,607.07,-118.67,27.57,28.13,91.39,
199,-472.00,647.00,39.00,103.00,-428.25,612.65,-122.53,37.06,28.34,94.81,
200,-510.00,674.00,37.00,103.00,-442.16,620.86,-129.63,49.02,27.18,98.34,
201,-504.00,699.00,37.00,102.00,-454.32,631.34,-134.42,62.87,26.96,101.76,
202,-507.00,698.00,38.00,103.00,-465.74,641.22,-138.08,75.38,27.30,104.30,
203,-510.00,720.00,38.00,102.00,-476.45,652.90,-140.77,89.23,27.88,106.69,
204,-502.00,706.00,39.00,102.00,-485.32,662.52,-141.20,100.02,29.22,107.68,
205,-475.00,684.00,42.00,102.00,-490.48,669.32,-137.30,107.10,32.15,107.36,
206,-498.00,674.00,45.00,103.00,-497.30,674.70,-135.31,112.20,34.44,106.54,
207,-516.00,641.00,45.00,104.00,-505.20,676.32,-134.56,112.80,35.92,104.49,
208,-515.00,644.00,44.00,103.00,-512.16,678.12,-132.79,113.50,37.26,102.71,
209,-511.00,657.00,46.00,104.00,-517.89,681.13,-129.67,115.55,39.11,101.92,
210,-490.00,684.00,48.00,106.00,-520.70,686.74,-123.37,120.49,41.95,102.66,
211,-476.00,652.00,46.00,104.00,-521.51,688.63,-115.16,120.94,44.51,101.48,
212,-488.00,659.00,50.00,105.00,-523.09,691.10,-108.12,122.00,46.91,100.85,
213,-494.00,662.00,53.00,106.00,-524.82,693.67,-101.48,123.15,49.24,100.52,
214,-461.00,673.00,53.00,110.00,-522.64,697.20,-90.81,125.47,52.39,101.42,
215,-470.00,639.00,56.00,111.00,-521.14,696.92,-81.30,123.43,55.10,100.82,
216,-475.00,662.00,56.00,109.00,-519.91,698.97,-72.60,124.03,57.06,100.86,
217,-458.00,640.00,52.00,105.00,-516.68,698.52,-62.23,121.66,58.50,99.28,
218,-444.00,635.00,52.00,109.00,-511.87,697.52,-50.62,118.93,60.05,98.57,
219,-426.00,650.00,52.00,108.00,-505.17,698.06,-37.54,118.06,61.77,98.49,
220,-443.00,652.00,54.00,108.00,-500.35,698.71,-27.20,117.34,62.67,98.39,
221,-450.00,643.00,55.00,107.00,-496.30,698.32,-18.24,115.44,63.14,97.71,
222,-426.00,626.00,57.00,106.00,-489.75,696.12,-6.91,111.58,64.59,96.40,
223,-410.00,611.00,57.00,107.00,-481.72,692.42,5.50,106.28,66.10,95.04,
224,-406.00,606.00,54.00,108.00,-473.58,688.36,17.28,100.89,66.62,94.04,
225,-431.00,628.00,50.00,110.00,-468.38,686.79,24.98,98.62,65.12,94.50,
226,-426.00,647.00,51.00,113.00,-462.84,687.28,32.62,98.89,64.05,96.23,
227,-455.00,617.00,52.00,113.00,-460.54,684.61,36.25,95.58,62.09,96.32,
228,-455.00,628.00,52.00,114.00,-458.31,683.22,39.56,93.93,60.40,97.10,
229,-428.00,642.00,56.00,115.00,-453.33,683.35,45.83,94.16,60.62,98.62,
230,-456.00,626.00,53.00,118.00,-451.50,681.83,48.15,92.61,59.07,99.66,
231,-485.00,616.00,54.00,121.00,-452.77,679.38,46.91,90.18,56.86,100.60,
232,-470.00,572.00,51.00,119.00,-452.40,672.48,47.46,82.85,55.09,99.45,
233,-451.00,557.00,50.00,120.00,-450.06,664.41,50.13,74.66,54.13,98.45,
234,-475.00,532.00,53.00,122.00,-450.32,654.24,49.86,64.59,52.94,97.25,
235,-505.00,535.00,50.00,121.00,-453.69,644.99,45.99,56.05,50.35,96.51,
236,-504.00,522.00,51.00,124.00,-456.76,634.99,42.67,47.23,48.57,96.34,
237,-551.00,530.00,51.00,125.00,-464.54,626.48,34.22,40.57,45.54,96.93,
238,-576.00,539.00,48.00,122.00,-474.50,619.48,23.64,35.87,41.91,97.52,
239,-566.00,573.00,48.00,122.00,-482.85,616.53,15.34,36.01,39.67,99.70,
240,-569.00,597.00,52.00,120.00,-490.99,616.36,7.77,39.24,38.76,102.20,
241,-545.00,600.00,52.00,117.00,-496.12,616.63,3.95,42.76,39.19,103.94,
242,-543.00,604.00,52.00,113.00,-500.69,617.41,0.96,46.54,39.81,104.82,
243,-544.00,627.00,50.00,112.00,-505.04,620.67,-1.70,52.87,40.08,106.23,
244,-523.00,655.00,47.00,113.00,-506.90,626.77,-1.53,62.14,40.69,108.62,
245,-512.00,682.00,47.00,109.00,-507.43,635.43,0.08,73.66,41.64,110.71,
246,-470.00,659.00,49.00,112.00,-503.45,641.31,6.76,81.59,44.31,111.85,
247,-510.00,660.00,49.00,113.00,-503.75,647.04,8.33,88.91,44.91,112.60,
248,-511.00,634.00,50.00,109.00,-504.05,649.77,9.87,92.33,45.55,111.23,
249,-526.00,648.00,54.00,107.00,-505.79,653.82,9.84,96.93,46.26,110.13,
250,-555.00,644.00,54.00,108.00,-510.37,657.26,6.66,100.58,45.87,108.99,
251,-576.00,666.00,50.00,109.00,-516.82,662.81,1.42,106.39,44.24,108.89,
252,-574.00,651.00,49.00,108.00,-522.62,666.47,-2.83,109.73,43.04,107.84,
253,-597.00,656.00,52.00,104.00,-530.38,670.41,-8.99,113.02,41.98,106.25,
254,-611.00,613.00,56.00,104.00,-539.02,669.61,-15.63,110.78,41.63,103.07,
255,-587.00,644.00,56.00,108.00,-544.57,672.07,-18.46,112.44,42.52,102.56,
256,-609.00,646.00,54.00,108.00,-551.98,674.55,-23.24,114.02,42.30,102.06,
257,-587.00,631.00,56.00,112.00,-556.52,675.31,-24.46,113.72,43.55,101.79,
258,-562.00,635.00,60.00,112.00,-558.03,676.38,-22.08,113.83,46.36,101.80,
259,-576.00,612.00,61.00,112.00,-560.73,674.96,-21.07,111.12,48.39,100.82,
260,-585.00,620.00,62.00,108.00,-564.05,674.38,-20.75,109.34,50.01,99.65,
261,-591.00,621.00,61.00,106.00,-567.65,673.88,-20.77,107.67,51.05,98.39,
262,-562.00,637.00,62.00,107.00,-567.86,675.03,-16.96,107.99,53.26,98.30,
263,-584.00,658.00,61.00,107.00,-570.18,678.26,-15.73,110.61,54.11,98.93,
264,-583.00,676.00,64.00,105.00,-572.10,683.13,-14.04,114.87,55.45,99.67,
265,-569.00,681.00,63.00,105.00,-572.30,688.20,-10.52,119.14,56.95,100.33,
266,-543.00,678.00,66.00,104.00,-569.60,692.61,-3.85,122.43,59.65,100.46,
267,-527.00,701.00,66.00,106.00,-565.24,699.10,4.36,127.96,62.33,101.69,
268,-523.00,687.00,68.00,107.00,-560.54,703.72,12.60,131.12,64.86,102.07,
269,-502.00,673.00,67.00,111.00,-553.80,706.55,22.73,132.27,67.32,102.42,
270,-481.00,646.00,65.00,111.00,-545.13,706.33,34.45,129.93,69.48,101.59,
271,-483.00,650.00,62.00,110.00,-537.08,706.45,44.77,128.04,70.30,100.86,
272,-530.00,685.00,62.00,110.00,-534.30,710.12,48.60,130.19,68.97,101.42,
273,-528.00,666.00,62.00,112.00,-531.41,711.54,52.34,129.77,67.85,101.35,
274,-530.00,651.00,62.00,116.00,-528.86,711.26,55.50,127.58,66.75,101.35,
275,-564.00,662.00,61.00,119.00,-529.96,712.08,54.35,126.82,64.34,102.21,
276,-571.00,671.00,63.00,117.00,-531.71,713.70,52.54,126.94,62.52,102.85,
277,-561.00,640.00,63.00,119.00,-532.31,711.93,52.13,123.34,61.46,102.50,
278,-565.00,625.00,59.00,119.00,-533.29,708.64,51.18,118.21,59.74,101.69,
279,-581.00,632.00,57.00,121.00,-535.88,706.20,48.39,114.38,57.43,101.74,
280,-552.00,615.00,54.00,120.00,-535.32,702.06,49.16,108.85,56.14,101.16,
281,-564.00,655.00,53.00,122.00,-536.03,702.29,48.38,108.58,54.45,102.73,
282,-565.00,650.00,54.00,119.00,-536.80,701.93,47.56,107.59,53.24,103.28,
283,-570.00,684.00,55.00,118.00,-538.04,705.10,46.23,110.59,52.27,104.88,
284,-572.00,679.00,55.00,120.00,-539.41,707.56,44.82,112.70,51.46,106.23,
285,-578.00,676.00,55.00,118.00,-541.32,709.52,42.87,114.10,50.62,106.74,
286,-589.00,665.00,53.00,116.00,-544.27,710.18,39.78,113.88,49.26,106.25,
287,-569.00,675.00,51.00,116.00,-544.98,711.81,39.29,114.78,48.61,106.30,
288,-600.00,658.00,55.00,118.00,-548.83,711.55,35.44,113.54,47.71,105.86,
289,-605.00,665.00,55.00,116.00,-552.97,711.98,31.45,113.08,46.94,105.42,
290,-607.00,676.00,58.00,112.00,-557.05,713.47,27.82,113.69,46.93,104.76,
291,-575.00,680.00,59.00,110.00,-557.54,715.24,28.42,114.53,48.41,104.10,
292,-546.00,675.00,57.00,109.00,-554.95,716.32,32.40,114.56,50.32,103.21,
293,-530.00,697.00,56.00,106.00,-550.81,719.57,37.87,116.91,52.18,102.81,
294,-514.00,700.00,56.00,104.00,-545.20,722.89,44.71,119.14,54.12,102.15,
295,-536.00,697.00,57.00,103.00,-542.16,725.65,48.36,120.55,54.89,101.07,
296,-499.00,719.00,53.00,105.00,-535.45,730.49,55.80,124.30,56.01,101.42,
297,-497.00,745.00,50.00,102.00,-528.93,737.68,62.51,130.38,56.20,101.98,
298,-506.00,728.00,49.00,104.00,-523.72,742.64,67.38,133.67,55.61,101.77,
299,-522.00,737.00,47.00,103.00,-520.51,748.16,69.66,137.35,54.00,101.50,
300,-558.00,742.00,47.00,106.00,-521.26,753.82,67.36,141.04,51.26,101.65,
301,-560.00,727.00,48.00,107.00,-522.22,757.50,64.97,142.33,49.16,101.13,
302,-526.00,750.00,47.00,108.00,-519.65,763.25,66.57,145.94,48.51,101.76,
303,-533.00,758.00,43.00,108.00,-518.03,769.40,66.89,149.78,46.92,102.33,
304,-542.00,734.00,41.00,110.00,-517.49,772.59,65.92,150.16,44.86,101.92,
305,-550.00,759.00,41.00,112.00,-517.88,778.09,63.91,153.16,42.88,102.78,
306,-530.00,723.00,42.00,115.00,-516.22,779.41,64.37,151.43,42.17,102.46,
307,-572.00,745.00,42.00,118.00,-519.07,782.83,59.72,152.22,40.01,103.39,
308,-556.00,753.00,42.00,120.00,-520.16,786.77,57.26,153.64,38.93,104.76,
309,-543.00,764.00,45.00,118.00,-519.88,791.49,56.53,155.82,39.10,105.85,
310,-564.00,752.00,45.00,116.00,-521.84,794.55,53.33,155.94,38.47,105.65,
311,-580.00,789.00,43.00,119.00,-525.42,801.17,48.42,160.15,37.10,107.31,
312,-552.00,788.00,45.00,118.00,-525.92,807.17,47.26,163.43,37.48,108.29,
313,-527.00,778.00,48.00,117.00,-523.80,811.63,49.19,164.82,39.25,108.38,
314,-505.00,797.00,48.00,117.00,-519.54,817.66,53.43,167.91,41.41,109.09,
315,-498.00,809.00,51.00,118.00,-514.79,824.46,58.10,171.74,43.82,110.09,
316,-463.00,797.00,49.00,122.00,-506.71,829.48,66.25,173.54,46.50,110.99,
317,-444.00,795.00,47.00,124.00,-497.16,833.86,75.60,174.61,48.73,111.85,
318,-448.00,818.00,48.00,125.00,-488.60,840.23,83.36,177.89,50.22,113.41,
319,-457.00,832.00,48.00,127.00,-481.52,847.55,89.05,182.12,50.80,115.28,
320,-455.00,844.00,45.00,130.00,-474.74,855.56,94.01,187.00,50.55,117.51,
321,-485.00,836.00,47.00,132.00,-471.55,862.13,94.76,190.06,49.37,118.93,
322,-512.00,864.00,46.00,130.00,-471.46,871.04,91.90,195.51,47.13,120.45,
323,-505.00,844.00,47.00,131.00,-470.77,877.20,89.90,197.61,45.73,120.77,
324,-505.00,847.00,49.00,132.00,-470.22,883.12,87.89,199.37,44.93,121.07,
325,-529.00,838.00,48.00,130.00,-472.31,887.56,83.00,199.28,43.21,120.28,
326,-539.00,817.00,47.00,134.00,-475.43,889.37,77.21,196.36,41.34,119.33,
327,-530.00,833.00,46.00,133.00,-477.55,892.53,72.79,195.08,40.08,118.98,
328,-518.00,814.00,43.00,130.00,-478.41,893.31,69.92,191.11,39.01,117.34,
329,-554.00,822.00,42.00,127.00,-483.06,894.65,62.91,187.83,36.71,115.61,
330,-567.00,836.00,45.00,124.00,-488.86,897.16,55.04,185.91,35.07,114.13,
331,-563.00,878.00,45.00,120.00,-493.99,903.67,48.27,188.45,34.09,113.79,
332,-569.00,876.00,44.00,119.00,-499.52,909.40,41.40,189.93,33.09,112.98,
333,-555.00,863.00,46.00,118.00,-503.31,913.25,36.92,189.18,33.35,111.48,
334,-533.00,899.00,45.00,120.00,-504.63,920.42,35.41,192.29,34.31,111.96,
335,-537.00,896.00,43.00,117.00,-506.31,926.66,33.54,194.07,34.65,111.40,
336,-527.00,902.00,44.00,120.00,-506.86,932.97,33.08,195.94,35.53,111.52,
337,-501.00,921.00,41.00,120.00,-504.69,940.68,35.61,199.30,36.66,112.20,
338,-523.00,912.00,44.00,122.00,-504.90,946.81,35.46,200.76,37.26,112.37,
339,-506.00,924.00,42.00,119.00,-503.35,953.60,37.22,202.79,38.01,112.26,
340,-501.00,952.00,40.00,119.00,-501.37,962.68,39.29,207.29,38.38,113.01,
341,-490.00,962.00,40.00,121.00,-498.37,972.07,42.40,211.97,39.01,114.05,
342,-527.00,939.00,43.00,119.00,-499.37,978.29,40.99,212.72,38.62,113.11,
343,-558.00,936.00,42.00,122.00,-503.55,983.61,36.09,212.49,37.05,112.41,
344,-574.00,909.00,41.00,123.00,-509.17,985.57,29.82,208.50,35.16,110.70,
345,-572.00,902.00,45.00,122.00,-514.25,986.42,24.62,203.43,34.62,108.81,
346,-565.00,883.00,44.00,121.00,-518.30,984.97,20.83,196.03,34.44,106.36,
347,-548.00,887.00,46.00,119.00,-520.33,983.76,19.58,189.22,35.41,104.29,
348,-586.00,886.00,47.00,121.00,-526.14,982.29,14.22,182.51,35.10,102.85,
349,-574.00,846.00,45.00,120.00,-530.35,976.52,10.94,171.30,35.14,100.05,
350,-566.00,830.00,42.00,122.00,-533.45,969.20,9.01,159.02,35.07,97.79,
351,-555.00,806.00,44.00,126.00,-535.15,959.62,8.85,145.02,35.88,96.07,
352,-580.00,849.00,43.00,124.00,-539.30,954.90,5.89,137.13,35.53,96.31,
353,-569.00,843.00,43.00,126.00,-542.00,949.69,4.71,129.24,35.79,96.89,
354,-575.00,856.00,42.00,130.00,-545.11,946.05,3.12,123.68,35.71,98.80,
355,-615.00,874.00,43.00,127.00,-552.12,944.39,-2.77,120.55,34.50,100.55,
356,-620.00,905.00,44.00,124.00,-559.19,945.96,-8.42,121.16,33.78,102.74,
357,-610.00,924.00,40.00,123.00,-564.76,949.36,-12.25,123.79,33.08,105.10,
358,-624.00,929.00,39.00,121.00,-571.38,953.01,-17.10,126.53,32.04,106.71,
359,-588.00,965.00,35.00,124.00,-573.81,960.16,-17.16,133.20,32.00,109.98,
360,-579.00,991.00,36.00,122.00,-575.06,969.53,-15.90,142.00,32.57,113.07,
361,-585.00,960.00,33.00,120.00,-576.76,975.07,-15.27,145.97,32.31,113.63,
362,-563.00,1007.00,33.00,119.00,-575.97,985.09,-11.96,154.74,32.96,115.61,
363,-556.00,989.00,33.00,116.00,-574.39,992.56,-7.91,160.09,33.70,115.60,
364,-560.00,1019.00,34.00,116.00,-573.22,1002.61,-4.52,168.04,34.29,116.44,
365,-527.00,1005.00,31.00,115.00,-568.59,1010.50,2.46,173.12,35.36,116.11,
366,-521.00,1028.00,28.00,116.00,-563.54,1020.20,9.46,179.98,35.74,116.60,
367,-529.00,1018.00,29.00,118.00,-559.52,1028.17,14.98,184.57,35.75,116.53,
368,-519.00,1013.00,28.00,121.00,-554.64,1035.01,21.15,187.74,35.78,116.52,
369,-497.00,1014.00,29.00,121.00,-547.69,1041.38,29.31,190.23,36.59,116.34,
370,-522.00,1022.00,29.00,121.00,-543.70,1048.04,33.73,192.86,36.09,116.13,
371,-520.00,1044.00,28.00,120.00,-539.73,1056.41,37.82,197.23,35.42,116.36,
372,-500.00,1066.00,27.00,124.00,-533.91,1066.42,43.71,203.34,35.26,117.86,
373,-537.00,1067.00,28.00,124.00,-532.27,1075.76,44.62,208.35,33.76,118.57,
374,-524.00,1064.00,25.00,124.00,-529.41,1084.03,46.74,211.89,32.39,118.69,
375,-516.00,1082.00,26.00,123.00,-525.92,1093.47,49.44,216.52,31.64,119.01,
376,-506.00,1059.00,25.00,127.00,-521.63,1099.76,52.88,217.50,31.07,118.73,
377,-521.00,1054.00,26.00,124.00,-519.17,1104.91,54.10,217.01,30.08,117.44,
378,-513.00,1048.00,28.00,122.00,-516.07,1108.87,56.03,215.13,29.83,115.61,
379,-500.00,1056.00,28.00,126.00,-511.85,1113.19,59.11,213.89,29.97,115.03,
380,-476.00,1044.00,26.00,125.00,-505.45,1115.76,64.42,210.72,30.43,113.81,
381,-459.00,1028.00,26.00,127.00,-497.70,1116.27,70.97,205.48,31.19,112.48,
382,-477.00,1059.00,25.00,129.00,-492.35,1119.74,74.44,203.88,30.68,112.87,
383,-499.00,1074.00,26.00,133.00,-489.68,1124.37,74.74,203.78,29.46,114.26,
384,-484.00,1098.00,25.00,130.00,-485.71,1130.98,76.38,205.85,28.73,115.66,
385,-473.00,1097.00,22.00,128.00,-480.96,1136.87,78.70,206.95,27.83,116.17,
386,-484.00,1084.00,22.00,128.00,-477.74,1140.84,79.19,205.83,26.53,115.79,
387,-444.00,1091.00,23.00,128.00,-470.66,1145.07,83.97,205.10,26.96,115.74,
388,-420.00,1123.00,23.00,132.00,-461.61,1152.19,90.67,207.79,27.91,117.56,
389,-393.00,1085.00,20.00,134.00,-450.40,1154.73,99.38,205.31,28.79,117.71,
390,-402.00,1124.00,20.00,131.00,-440.92,1160.93,105.65,206.96,28.76,118.65,
391,-399.00,1139.00,17.00,132.00,-431.85,1168.13,111.00,209.68,27.95,119.92,
392,-393.00,1146.00,18.00,135.00,-422.85,1175.45,116.00,212.49,27.35,121.47,
393,-431.00,1140.00,21.00,132.00,-418.49,1181.48,115.61,213.58,25.70,121.50,
394,-446.00,1137.00,21.00,134.00,-416.16,1186.64,112.97,213.67,23.66,121.46,
395,-446.00,1128.00,21.00,133.00,-414.17,1190.32,110.05,212.06,21.90,120.69,
396,-481.00,1176.00,23.00,133.00,-416.14,1198.55,102.86,215.61,19.50,121.66,
397,-437.00,1193.00,25.00,134.00,-413.64,1207.85,101.08,220.25,19.55,123.14,
398,-438.00,1200.00,21.00,136.00,-411.60,1217.13,98.77,224.68,18.75,124.61,
399,-472.00,1203.00,19.00,137.00,-413.42,1225.95,92.20,228.38,16.45,125.60,
400,-499.00,1197.00,17.00,136.00,-418.15,1233.39,82.64,230.27,13.30,125.56,
401,-462.00,1176.00,20.00,135.00,-418.94,1237.94,78.10,228.82,12.78,124.37,
402,-463.00,1183.00,17.00,138.00,-419.96,1242.70,73.45,227.78,11.82,124.04,
403,-478.00,1188.00,19.00,137.00,-422.63,1247.44,67.26,226.71,10.89,123.56,
404,-491.00,1170.00,18.00,140.00,-426.65,1249.79,59.90,223.10,9.59,122.77,
405,-482.00,1167.00,22.00,138.00,-429.61,1251.41,54.22,218.81,9.73,121.61,
406,-479.00,1146.00,21.00,139.00,-432.21,1250.50,49.28,211.94,9.88,119.98,
407,-492.00,1129.00,22.00,140.00,-436.10,1247.62,43.22,203.24,9.83,118.17,
408,-479.00,1107.00,22.00,137.00,-438.51,1242.34,39.18,192.23,10.40,115.48,
409,-454.00,1072.00,23.00,138.00,-438.23,1233.50,38.44,177.86,12.04,112.41,
410,-468.00,1080.00,26.00,139.00,-439.47,1225.79,36.17,165.53,13.41,110.71,
411,-459.00,1041.00,28.00,142.00,-439.73,1214.29,35.25,149.74,15.27,108.69,
412,-484.00,1034.00,28.00,144.00,-442.61,1202.59,31.50,134.61,15.91,107.51,
413,-458.00,1023.00,28.00,140.00,-442.66,1190.25,31.12,119.50,17.47,105.99,
414,-477.00,1052.00,31.00,136.00,-444.70,1181.53,28.62,109.11,18.62,105.60,
415,-518.00,1039.00,32.00,137.00,-450.89,1171.91,21.66,98.30,18.34,105.18,
416,-511.00,1040.00,33.00,138.00,-456.02,1162.92,16.30,88.83,18.78,105.49,
417,-488.00,1045.00,33.00,142.00,-458.47,1154.98,14.24,81.25,20.16,107.15,
418,-512.00,1067.00,32.00,144.00,-463.27,1149.82,9.64,77.29,20.34,109.97,
419,-520.00,1043.00,35.00,141.00,-468.59,1142.49,4.80,71.05,20.92,111.01,
420,-529.00,1037.00,33.00,140.00,-474.53,1135.01,-0.51,64.97,20.91,111.73,
421,-534.00,1001.00,34.00,140.00,-480.60,1124.29,-5.62,55.60,21.13,111.21,
422,-559.00,1038.00,33.00,141.00,-488.87,1118.12,-12.98,51.88,20.46,112.80,
423,-542.00,1047.00,33.00,142.00,-494.85,1113.36,-17.39,50.04,20.83,114.97,
424,-577.00,1083.00,36.00,146.00,-504.04,1112.78,-25.07,53.13,20.64,118.97,
425,-586.00,1099.00,37.00,146.00,-513.54,1114.04,-32.69,58.17,20.68,122.89,
426,-576.00,1117.00,37.00,143.00,-521.37,1117.23,-38.05,65.08,21.44,126.29,
427,-574.00,1135.00,35.00,142.00,-528.44,1122.24,-42.33,73.67,22.06,129.50,
428,-590.00,1110.00,37.00,138.00,-536.62,1124.48,-47.54,78.56,22.61,130.18,
429,-547.00,1104.00,38.00,135.00,-539.70,1126.04,-46.72,82.39,25.10,130.05,
430,-524.00,1073.00,38.00,133.00,-540.05,1124.37,-42.82,82.32,28.07,128.40,
431,-513.00,1070.00,36.00,133.00,-539.07,1122.57,-37.65,82.10,30.55,127.04,
432,-483.00,1060.00,37.00,134.00,-534.84,1119.91,-29.04,80.97,33.79,125.88,
433,-484.00,1063.00,36.00,136.00,-530.79,1117.81,-21.08,80.57,36.07,125.49,
434,-497.00,1046.00,36.00,138.00,-528.16,1114.16,-15.09,78.50,37.30,124.89,
435,-511.00,1045.00,37.00,135.00,-527.00,1110.68,-11.03,76.61,37.89,123.91,
436,-535.00,1061.00,36.00,139.00,-528.27,1109.17,-9.95,77.14,37.28,124.49,
437,-540.00,1072.00,36.00,138.00,-529.89,1108.99,-9.34,79.10,36.64,125.27,
438,-530.00,1054.00,39.00,140.00,-530.25,1107.04,-7.26,79.05,37.08,125.61,
439,-523.00,1042.00,37.00,143.00,-529.75,1104.06,-4.37,77.97,37.33,126.06,
440,-550.00,1047.00,35.00,142.00,-532.01,1101.86,-4.78,77.76,36.19,126.46,
441,-558.00,1033.00,35.00,143.00,-534.87,1098.42,-5.86,76.21,35.04,126.49,
442,-561.00,1029.00,36.00,147.00,-537.78,1094.89,-6.91,74.77,34.28,127.21,
443,-561.00,1040.00,39.00,145.00,-540.42,1092.78,-7.54,74.97,34.31,128.02,
444,-534.00,1017.00,42.00,146.00,-539.98,1088.51,-4.59,72.79,35.94,128.16,
445,-553.00,1036.00,44.00,147.00,-541.43,1086.57,-3.85,73.38,36.93,129.30,
446,-575.00,1035.00,44.00,147.00,-544.99,1084.75,-5.48,74.06,37.00,130.19,
447,-570.00,1038.00,43.00,145.00,-547.74,1083.44,-6.17,75.24,37.19,130.79,
448,-606.00,1033.00,42.00,144.00,-553.99,1081.80,-10.76,75.91,35.97,130.82,
449,-639.00,999.00,43.00,147.00,-563.20,1076.85,-18.36,72.90,34.20,130.03,
450,-654.00,994.00,44.00,147.00,-573.35,1071.76,-26.57,69.88,32.73,129.36,
451,-658.00,1012.00,44.00,146.00,-583.21,1068.93,-34.06,69.55,31.76,129.56,
452,-626.00,1020.00,47.00,150.00,-589.04,1067.23,-36.55,70.68,33.03,131.03,
453,-622.00,1020.00,47.00,153.00,-593.97,1065.77,-37.85,72.15,34.42,132.88,
454,-636.00,985.00,45.00,153.00,-599.91,1060.88,-40.23,69.69,34.88,133.04,
455,-637.00,947.00,45.00,157.00,-605.44,1052.46,-41.96,63.55,35.44,132.62,
456,-662.00,943.00,43.00,161.00,-613.08,1044.25,-45.99,58.11,34.84,133.11,
457,-649.00,939.00,43.00,160.00,-618.75,1036.22,-47.62,53.17,35.10,133.58,
458,-677.00,955.00,44.00,162.00,-626.82,1030.48,-51.82,51.14,34.69,135.20,
459,-661.00,987.00,43.00,162.00,-632.58,1028.57,-53.29,53.57,35.05,138.10,
460,-641.00,1005.00,46.00,163.00,-635.72,1028.83,-51.68,58.40,36.81,141.53,
461,-622.00,997.00,45.00,161.00,-636.51,1028.41,-47.52,62.20,38.87,143.73,
462,-596.00,1036.00,46.00,161.00,-634.33,1032.25,-40.27,70.63,41.70,147.16,
463,-562.00,1046.00,42.00,160.00,-628.56,1037.08,-29.50,79.75,44.42,150.14,
464,-546.00,1047.00,43.00,160.00,-621.26,1041.90,-17.53,88.40,47.18,152.44,
465,-526.00,1050.00,41.00,163.00,-612.12,1046.92,-4.19,96.95,49.52,154.83,
466,-523.00,1052.00,43.00,166.00,-603.02,1052.02,8.47,105.22,51.55,157.17,
467,-555.00,1093.00,44.00,170.00,-597.63,1061.25,16.31,117.80,51.90,161.05,
468,-528.00,1092.00,44.00,166.00,-589.65,1069.93,26.60,129.00,52.95,163.16,
469,-533.00,1093.00,43.00,165.00,-582.57,1078.29,35.29,139.20,53.14,164.34,
470,-535.00,1096.00,44.00,166.00,-576.04,1086.56,42.92,148.75,53.14,165.22,
471,-529.00,1057.00,44.00,166.00,-569.21,1090.33,50.50,152.73,53.10,164.06,
472,-511.00,1096.00,42.00,168.00,-560.90,1097.96,59.23,160.89,53.10,164.89,
473,-548.00,1072.00,39.00,168.00,-556.92,1102.67,62.57,165.27,50.91,164.14,
474,-552.00,1055.00,38.00,167.00,-553.61,1105.31,64.92,167.04,48.64,162.46,
475,-576.00,1051.00,36.00,167.00,-553.03,1107.36,63.99,167.97,45.44,160.72,
476,-547.00,1061.00,34.00,171.00,-549.54,1110.30,66.27,170.01,43.48,160.43,
477,-528.00,1066.00,34.00,170.00,-544.32,1113.54,70.32,172.24,42.42,160.14,
478,-554.00,1085.00,33.00,174.00,-542.17,1118.55,70.65,176.43,40.24,161.13,
479,-566.00,1080.00,31.00,177.00,-541.47,1122.73,69.26,179.55,37.59,162.02,
480,-573.00,1094.00,29.00,176.00,-541.64,1128.06,66.85,183.77,34.78,162.93,
481,-564.00,1106.00,28.00,173.00,-540.96,1134.24,65.43,188.62,32.63,163.41,
482,-540.00,1124.00,27.00,174.00,-537.91,1141.88,66.65,194.90,31.53,164.53,
483,-567.00,1147.00,27.00,174.00,-537.94,1151.39,64.33,202.92,29.55,165.93,
484,-557.00,1155.00,26.00,174.00,-537.02,1161.10,63.12,210.74,28.10,167.04,
485,-560.00,1163.00,30.00,177.00,-536.53,1170.99,61.61,218.45,27.50,168.39,
486,-584.00,1156.00,31.00,175.00,-538.64,1179.45,57.29,224.04,26.31,168.37,
487,-581.00,1191.00,33.00,174.00,-540.41,1190.92,53.61,232.67,25.89,169.23,
488,-570.00,1188.00,36.00,172.00,-540.99,1201.25,51.55,239.49,26.55,169.03,
489,-551.00,1174.00,36.00,168.00,-539.63,1209.33,51.80,243.27,27.80,167.25,
490,-523.00,1171.00,35.00,172.00,-535.50,1216.45,55.17,245.91,29.60,166.17,
491,-501.00,1176.00,35.00,170.00,-529.37,1223.46,60.61,248.21,31.71,164.90,
492,-491.00,1171.00,37.00,171.00,-522.58,1229.34,66.60,249.13,33.94,163.57,
493,-522.00,1180.00,39.00,173.00,-519.45,1235.61,68.27,250.44,34.75,162.83,
494,-517.00,1145.00,36.00,170.00,-516.07,1237.62,70.09,246.79,34.94,160.06,
495,-506.00,1142.00,37.00,170.00,-511.81,1238.97,72.84,242.56,35.54,157.63,
496,-497.00,1133.00,38.00,172.00,-506.93,1239.07,76.20,237.21,36.38,155.62,
497,-479.00,1127.00,34.00,174.00,-500.55,1238.32,80.95,231.25,36.81,154.15,
498,-498.00,1148.00,34.00,175.00,-496.60,1239.58,82.72,227.87,36.25,153.90,
499,-462.00,1121.00,32.00,172.00,-489.25,1237.72,88.14,221.12,36.57,152.17,
500,-478.00,1137.00,32.00,172.00,-484.09,1237.44,90.81,216.45,35.99,151.37,
501,-470.00,1140.00,32.00,172.00,-478.51,1237.29,93.78,212.19,35.61,150.87,
502,-433.00,1143.00,30.00,176.00,-469.54,1237.30,100.32,208.51,36.06,151.42,
503,-412.00,1116.00,29.00,173.00,-459.03,1234.31,108.21,201.58,36.67,150.33,
504,-443.00,1079.00,29.00,173.00,-452.47,1227.49,111.28,190.68,35.67,147.96,
505,-454.00,1058.00,28.00,172.00,-447.61,1218.71,112.27,178.10,34.02,145.23,
506,-432.00,1095.00,25.00,175.00,-440.93,1214.16,115.08,171.06,32.75,145.43,
507,-447.00,1087.00,26.00,174.00,-436.37,1208.93,115.37,163.60,31.10,145.20,
508,-474.00,1104.00,26.00,172.00,-435.07,1205.68,111.93,158.67,28.62,145.43,
509,-455.00,1069.00,24.00,169.00,-432.08,1198.87,110.49,149.96,26.86,143.90,
510,-448.00,1082.00,23.00,165.00,-428.75,1193.72,109.43,143.44,25.39,142.74,
511,-457.00,1068.00,23.00,169.00,-426.73,1187.39,106.95,136.06,23.74,142.13,
512,-461.00,1083.00,22.00,171.00,-425.45,1182.97,103.72,131.29,22.00,142.82,
513,-441.00,1078.00,23.00,170.00,-422.35,1178.26,102.69,126.47,21.43,143.26,
514,-437.00,1065.00,20.00,166.00,-419.22,1172.44,101.64,120.54,20.46,142.59,
515,-456.00,1061.00,21.00,165.00,-418.43,1166.55,98.05,114.79,19.05,141.86,
516,-423.00,1102.00,19.00,166.00,-414.47,1165.29,98.08,114.63,18.69,143.41,
517,-443.00,1137.00,15.00,165.00,-413.02,1167.78,95.12,118.65,16.82,145.84,
518,-426.00,1108.00,15.00,163.00,-410.08,1167.15,93.98,118.93,15.85,146.28,
519,-439.00,1097.00,17.00,162.00,-408.83,1165.44,91.06,117.94,14.85,146.00,
520,-408.00,1087.00,15.00,163.00,-404.62,1162.83,91.54,116.05,14.74,145.73,
521,-399.00,1057.00,19.00,160.00,-399.87,1157.27,92.75,110.85,15.54,143.92,
522,-373.00,1103.00,19.00,160.00,-392.86,1156.84,96.37,111.70,16.96,144.54,
523,-366.00,1106.00,20.00,160.00,-385.70,1156.81,100.02,112.96,18.30,145.19,
524,-363.00,1117.00,17.00,158.00,-378.83,1157.97,103.05,115.42,18.70,145.77,
525,-377.00,1115.00,21.00,157.00,-373.97,1158.90,103.79,117.45,18.99,145.86,
526,-384.00,1124.00,21.00,159.00,-370.32,1160.78,103.14,120.48,18.81,146.57,
527,-393.00,1102.00,24.00,158.00,-367.99,1160.30,101.16,120.65,18.74,145.98,
528,-415.00,1138.00,25.00,156.00,-368.27,1163.62,96.35,124.98,17.99,146.47,
529,-400.00,1100.00,24.00,158.00,-367.18,1162.84,93.35,124.56,17.76,145.67,
530,-379.00,1067.00,25.00,159.00,-364.14,1158.69,92.76,120.42,18.47,144.00,
531,-416.00,1065.00,28.00,160.00,-365.27,1154.61,87.65,116.54,18.15,142.76,
532,-418.00,1047.00,29.00,160.00,-366.72,1148.90,82.52,111.06,18.05,141.20,
533,-385.00,1082.00,30.00,159.00,-364.81,1147.19,81.42,110.33,19.40,141.48,
534,-355.00,1096.00,28.00,160.00,-360.05,1147.08,83.51,111.52,21.15,142.60,
535,-380.00,1060.00,27.00,161.00,-358.30,1143.29,82.16,108.52,21.34,142.19,
536,-368.00,1062.00,29.00,161.00,-355.53,1139.97,82.08,106.23,22.22,142.12,
537,-333.00,1090.00,30.00,164.00,-349.42,1139.82,85.78,107.76,24.28,143.95,
538,-343.00,1081.00,31.00,162.00,-344.82,1138.80,87.64,108.17,25.57,144.68,
539,-345.00,1091.00,32.00,165.00,-340.83,1138.96,88.76,109.99,26.56,146.23,
540,-384.00,1065.00,35.00,164.00,-341.24,1136.47,85.03,108.68,26.37,146.14,
541,-396.00,1072.00,34.00,168.00,-343.02,1134.94,79.94,108.63,25.62,147.11,
542,-398.00,1056.00,32.00,167.00,-345.06,1131.89,74.78,106.87,24.64,147.16,
543,-383.00,1047.00,33.00,168.00,-345.55,1128.15,71.67,104.47,24.65,147.22,
544,-374.00,1035.00,32.00,171.00,-345.20,1123.45,69.66,101.25,24.82,147.52,
545,-362.00,1058.00,31.00,173.00,-343.74,1121.50,68.95,101.39,25.20,149.26,
546,-361.00,1054.00,31.00,174.00,-342.35,1119.34,68.21,101.34,25.50,150.79,
547,-388.00,1035.00,32.00,178.00,-343.94,1115.45,64.23,99.47,24.90,152.00,
548,-361.00,1022.00,29.00,178.00,-342.76,1110.52,63.49,96.59,24.91,152.74,
549,-340.00,1032.00,30.00,178.00,-339.54,1107.00,65.08,95.49,25.81,154.01,
550,-332.00,1037.00,33.00,180.00,-335.74,1104.33,67.33,95.49,27.25,155.77,
551,-323.00,1023.00,31.00,180.00,-331.32,1100.47,70.12,94.19,28.26,156.78,
552,-331.00,1039.00,35.00,180.00,-328.05,1098.61,71.58,95.21,29.36,158.35,
553,-321.00,995.00,34.00,181.00,-324.02,1092.41,73.84,91.37,30.32,158.18,
554,-313.00,989.00,36.00,181.00,-319.47,1086.06,76.63,87.57,31.60,158.08,
555,-306.00,955.00,37.00,182.00,-314.53,1076.67,79.79,80.60,32.92,157.10,
556,-328.00,994.00,33.00,182.00,-312.29,1072.01,79.61,79.30,32.30,158.12,
557,-340.00,994.00,35.00,183.00,-311.52,1067.78,77.84,78.59,31.64,159.26,
558,-360.00,1004.00,34.00,183.00,-313.00,1065.00,73.59,79.54,30.18,160.68,
559,-390.00,1001.00,32.00,181.00,-317.64,1062.22,65.95,80.36,27.61,161.38,
560,-354.00,966.00,32.00,182.00,-318.38,1056.12,63.08,77.50,26.97,161.01,
561,-341.00,986.00,36.00,185.00,-317.80,1052.63,61.95,77.83,27.67,162.32,
562,-356.00,994.00,35.00,184.00,-318.90,1050.34,58.97,79.46,27.50,163.62,
563,-345.00,962.00,32.00,188.00,-318.88,1045.05,57.34,77.80,27.26,164.28,
564,-334.00,966.00,35.00,186.00,-317.78,1040.63,57.08,77.17,28.01,164.86,
565,-365.00,949.00,33.00,188.00,-320.04,1034.89,53.05,75.12,27.10,165.10,
566,-377.00,961.00,36.00,192.00,-323.48,1030.93,48.00,75.33,26.56,166.67,
567,-424.00,969.00,36.00,195.00,-331.66,1028.24,37.90,77.03,24.56,168.82,
568,-417.00,997.00,39.00,196.00,-338.70,1028.81,29.67,82.38,24.02,172.01,
569,-421.00,962.00,38.00,198.00,-345.80,1025.92,21.84,83.65,23.53,173.60,
570,-424.00,964.00,36.00,197.00,-352.82,1023.57,14.43,85.47,22.92,174.92,
571,-418.00,970.00,32.00,197.00,-358.85,1022.17,8.40,88.27,22.19,176.38,
572,-421.00,959.00,30.00,199.00,-364.84,1019.90,2.70,90.04,21.34,177.57,
573,-439.00,954.00,27.00,196.00,-372.35,1017.40,-4.51,91.35,19.69,177.85,
574,-427.00,944.00,29.00,199.00,-378.13,1014.20,-9.33,91.92,19.41,178.39,
575,-422.00,946.00,28.00,198.00,-383.01,1011.55,-12.92,93.07,19.39,178.90,
576,-433.00,963.00,28.00,195.00,-388.70,1010.97,-17.24,96.38,19.17,179.53,
577,-441.00,968.00,29.00,195.00,-394.81,1011.12,-21.79,100.33,19.09,180.24,
578,-414.00,984.00,31.00,197.00,-397.68,1013.11,-22.39,106.23,20.58,181.93,
579,-425.00,1000.00,32.00,197.00,-401.42,1016.80,-23.91,113.74,21.70,183.82,
580,-399.00,994.00,29.00,197.00,-402.16,1019.81,-22.05,120.12,23.14,185.08,
581,-405.00,1003.00,30.00,197.00,-403.37,1023.73,-20.76,127.16,24.31,186.31,
582,-439.00,1008.00,30.00,198.00,-407.93,1028.07,-23.29,134.32,24.09,187.42,
583,-437.00,985.00,29.00,199.00,-411.93,1029.89,-25.04,138.29,23.97,187.44,
584,-411.00,982.00,32.00,202.00,-412.86,1031.40,-23.17,141.82,25.50,187.91,
585,-409.00,980.00,32.00,203.00,-413.41,1032.71,-20.95,144.97,26.85,188.34,
586,-409.00,1005.00,35.00,202.00,-413.80,1036.62,-18.58,150.84,28.51,189.44,
587,-408.00,969.00,37.00,203.00,-413.93,1036.63,-15.91,152.05,30.28,188.95,
588,-393.00,978.00,36.00,204.00,-412.38,1037.64,-11.53,154.36,32.09,189.13,
589,-380.00,976.00,34.00,203.00,-409.46,1038.44,-5.88,156.28,33.62,189.02,
590,-387.00,990.00,35.00,207.00,-407.33,1040.72,-1.37,159.88,34.68,190.13,
591,-426.00,998.00,34.00,210.00,-409.27,1043.77,-1.69,164.22,33.88,191.64,
592,-423.00,1002.00,37.00,212.00,-410.70,1047.13,-1.32,168.75,33.95,193.29,
593,-392.00,991.00,37.00,210.00,-408.74,1049.16,2.81,171.54,35.17,193.83,
594,-422.00,1018.00,41.00,210.00,-409.90,1053.92,3.34,177.21,35.74,195.12,
595,-423.00,1042.00,41.00,213.00,-411.03,1060.95,3.87,185.23,36.21,197.47,
596,-444.00,1047.00,42.00,210.00,-414.20,1068.10,2.11,192.84,36.06,198.69,
597,-450.00,1020.00,41.00,207.00,-417.74,1072.02,0.02,196.30,35.65,197.78,
598,-437.00,1017.00,40.00,208.00,-419.66,1075.37,-0.16,198.98,35.74,197.00,
599,-463.00,1022.00,40.00,205.00,-424.09,1079.01,-3.15,201.69,34.95,195.79,
600,-437.00,1035.00,39.00,203.00,-425.50,1083.73,-2.65,205.41,35.22,194.91,
601,-400.00,1025.00,39.00,202.00,-422.89,1087.08,2.34,207.37,36.82,193.56,
602,-407.00,1025.00,36.00,205.00,-421.08,1090.19,6.11,209.03,37.24,192.83,
603,-391.00,986.00,35.00,206.00,-417.62,1089.01,11.54,205.81,37.90,190.80,
604,-410.00,1000.00,35.00,207.00,-416.26,1089.28,14.33,204.38,37.63,189.84,
605,-437.00,977.00,39.00,207.00,-417.70,1087.07,13.98,200.20,37.10,188.04,
606,-447.00,977.00,39.00,207.00,-420.03,1084.92,12.63,196.29,36.36,186.63,
607,-465.00,981.00,41.00,205.00,-424.04,1083.22,9.52,193.01,35.55,185.30,
608,-437.00,970.00,40.00,207.00,-424.86,1080.43,10.13,188.75,35.87,184.33,
609,-453.00,984.00,38.00,203.00,-427.25,1079.18,8.87,186.30,35.22,183.43,
610,-419.00,976.00,41.00,205.00,-425.89,1077.13,11.97,183.18,36.54,182.92,
611,-443.00,973.00,41.00,208.00,-427.04,1074.86,12.14,180.07,36.70,182.92,
612,-436.00,948.00,40.00,208.00,-427.33,1070.09,13.25,174.32,36.95,182.07,
613,-451.00,975.00,43.00,208.00,-429.08,1068.37,12.71,172.30,37.16,182.57,
614,-453.00,980.00,43.00,209.00,-430.89,1067.26,12.15,171.12,37.32,183.43,
615,-480.00,971.00,42.00,210.00,-435.35,1065.29,8.64,169.06,36.37,183.91,
616,-475.00,951.00,44.00,208.00,-438.97,1061.33,6.32,164.82,36.30,183.28,
617,-438.00,948.00,41.00,207.00,-438.48,1057.27,8.62,160.72,37.17,182.78,
618,-439.00,984.00,41.00,208.00,-438.06,1057.21,10.71,161.35,37.82,184.12,
619,-450.00,974.00,42.00,208.00,-438.72,1056.14,11.50,160.83,38.12,184.79,
620,-411.00,1004.00,46.00,207.00,-435.21,1058.26,17.02,163.93,40.51,186.52,
621,-402.00,980.00,45.00,209.00,-430.90,1057.80,23.16,164.07,42.48,187.29,
622,-393.00,985.00,44.00,209.00,-425.84,1057.91,29.79,164.86,44.07,188.15,
623,-398.00,951.00,41.00,210.00,-421.55,1054.51,35.17,161.69,44.46,187.65,
624,-383.00,942.00,37.00,208.00,-415.93,1050.38,41.61,157.81,44.43,186.71,
625,-388.00,985.00,39.00,211.00,-411.11,1051.00,46.82,159.56,44.38,188.30,
626,-424.00,988.00,40.00,209.00,-410.31,1051.93,47.27,161.49,43.04,189.18,
627,-402.00,961.00,41.00,207.00,-407.26,1050.02,50.23,160.08,42.88,188.52,
628,-411.00,965.00,43.00,207.00,-405.33,1048.67,51.83,159.35,42.67,188.17,
629,-401.00,946.00,42.00,209.00,-402.48,1045.47,54.35,156.65,42.61,187.58,
630,-361.00,949.00,43.00,209.00,-395.65,1042.78,61.21,154.71,44.07,187.48,
631,-366.00,977.00,41.00,207.00,-389.77,1043.19,66.56,156.28,44.47,188.20,
632,-392.00,981.00,41.00,209.00,-386.97,1044.06,68.17,158.33,43.64,189.17,
633,-374.00,1005.00,39.00,211.00,-382.52,1047.44,71.43,163.16,43.14,191.29,
634,-385.00,1023.00,37.00,212.00,-379.55,1052.55,72.78,169.73,41.81,193.71,
635,-384.00,1013.00,39.00,210.00,-376.70,1056.36,73.95,174.43,41.01,194.72,
636,-397.00,1000.00,37.00,210.00,-375.46,1058.62,73.19,177.14,39.42,194.82,
637,-397.00,968.00,39.00,211.00,-374.35,1057.45,72.40,175.86,38.44,193.74,
638,-381.00,951.00,39.00,209.00,-371.72,1054.56,73.34,172.66,38.16,191.92,
639,-389.00,929.00,37.00,208.00,-370.16,1049.55,72.99,167.18,37.20,189.47,
640,-399.00,924.00,40.00,204.00,-369.80,1044.28,71.40,161.53,36.53,186.70,
641,-399.00,964.00,43.00,201.00,-369.54,1043.46,69.81,161.07,36.51,185.69,
642,-399.00,976.00,43.00,197.00,-369.37,1043.94,68.18,161.93,36.50,184.63,
643,-354.00,973.00,42.00,194.00,-364.63,1044.07,71.72,162.28,37.92,183.25,
644,-383.00,956.00,43.00,194.00,-363.23,1042.45,71.41,160.59,38.04,181.33,
645,-372.00,936.00,39.00,196.00,-360.87,1038.87,72.10,156.84,37.76,179.43,
646,-389.00,938.00,37.00,200.00,-360.49,1035.73,70.48,153.89,36.48,178.75,
647,-416.00,946.00,38.00,200.00,-363.03,1033.63,65.70,152.23,34.63,178.53,
648,-412.00,942.00,37.00,201.00,-365.09,1031.26,61.65,150.40,33.17,178.49,
649,-394.00,947.00,38.00,197.00,-365.24,1029.55,59.95,149.30,32.89,178.10,
650,-373.00,938.00,41.00,193.00,-363.26,1027.00,60.81,147.20,33.96,176.85,
651,-373.00,922.00,43.00,193.00,-361.43,1022.97,61.55,143.53,35.13,175.30,
652,-354.00,890.00,39.00,192.00,-357.80,1015.86,64.19,136.57,35.98,172.82,
653,-377.00,887.00,37.00,191.00,-356.84,1008.88,63.65,130.04,35.35,170.68,
654,-371.00,888.00,35.00,189.00,-355.39,1002.43,63.61,124.39,34.66,168.91,
655,-340.00,875.00,33.00,188.00,-350.88,995.05,66.94,117.98,34.80,167.15,
656,-335.00,894.00,32.00,190.00,-346.17,990.14,70.25,114.75,34.74,167.11,
657,-311.00,897.00,29.00,191.00,-339.33,985.92,75.67,112.53,34.84,167.64,
658,-306.00,898.00,29.00,188.00,-332.45,982.12,80.82,110.80,34.84,167.74,
659,-293.00,946.00,28.00,186.00,-324.71,983.62,86.55,115.07,34.88,169.51,
660,-297.00,924.00,27.00,186.00,-317.94,982.86,90.86,116.57,34.30,170.00,
661,-298.00,921.00,28.00,182.00,-311.77,981.91,94.26,117.64,33.71,169.55,
662,-307.00,934.00,29.00,182.00,-307.03,982.46,95.89,120.31,32.86,169.68,
663,-277.00,909.00,30.00,183.00,-299.57,980.47,100.51,120.04,33.25,169.04,
664,-238.00,913.00,29.00,182.00,-288.63,979.09,108.72,120.46,34.51,168.69,
665,-236.00,924.00,29.00,185.00,-278.26,979.03,115.87,122.43,35.21,169.40,
666,-222.00,889.00,33.00,189.00,-267.17,975.45,123.61,120.48,36.62,169.33,
667,-228.00,867.00,32.00,191.00,-257.51,969.88,129.32,116.45,36.97,168.86,
668,-258.00,912.00,31.00,190.00,-251.74,969.40,130.30,118.28,35.64,170.14,
669,-250.00,899.00,34.00,194.00,-245.66,967.71,131.65,118.81,35.17,171.42,
670,-293.00,911.00,32.00,196.00,-244.64,967.48,127.20,120.99,32.66,173.18,
671,-333.00,935.00,31.00,195.00,-248.08,969.87,117.89,125.93,28.95,175.25,
672,-330.00,936.00,35.00,196.00,-251.23,972.33,109.48,130.75,26.88,177.08,
673,-329.00,938.00,39.00,196.00,-254.29,974.94,101.72,135.50,26.07,178.58,
674,-322.00,947.00,40.00,193.00,-256.65,978.41,95.17,140.87,25.96,179.54,
675,-332.00,957.00,38.00,193.00,-260.10,982.79,87.68,146.98,25.25,180.55,
676,-299.00,928.00,37.00,191.00,-260.11,983.94,84.46,149.11,25.81,179.83,
677,-303.00,910.00,37.00,192.00,-260.67,983.21,80.83,149.01,26.13,178.65,
678,-260.00,907.00,38.00,195.00,-256.86,982.26,82.34,148.80,28.15,178.29,
679,-234.00,900.00,38.00,196.00,-250.68,980.67,86.47,147.94,30.59,178.02,
680,-209.00,908.00,38.00,195.00,-242.37,980.03,92.77,148.18,33.27,178.06,
681,-214.00,902.00,35.00,196.00,-235.19,978.86,97.43,147.82,34.43,178.02,
682,-259.00,893.00,32.00,198.00,-233.25,976.87,95.92,146.59,32.96,177.85,
683,-263.00,878.00,32.00,202.00,-231.98,973.51,93.74,143.99,31.54,177.90,
684,-275.00,859.00,35.00,202.00,-232.16,968.40,90.14,139.58,30.44,177.29,
685,-254.00,893.00,38.00,204.00,-230.29,967.17,89.08,139.85,30.85,178.76,
686,-242.00,920.00,36.00,204.00,-227.43,968.89,89.10,143.45,31.20,181.12,
687,-246.00,925.00,39.00,204.00,-225.26,971.10,88.42,147.43,31.77,183.14,
688,-254.00,904.00,39.00,201.00,-224.19,971.04,86.58,148.55,31.88,183.31,
689,-264.00,876.00,38.00,202.00,-224.35,968.13,83.46,146.44,31.39,182.49,
690,-297.00,858.00,37.00,202.00,-228.06,963.57,76.52,142.54,29.64,181.11,
691,-297.00,849.00,37.00,202.00,-231.69,958.38,70.04,138.13,28.34,179.82,
692,-328.00,839.00,39.00,205.00,-238.44,952.52,60.50,133.27,26.67,179.03,
693,-331.00,882.00,38.00,206.00,-245.22,951.53,51.34,134.20,25.27,180.51,
694,-327.00,840.00,37.00,205.00,-251.30,946.31,43.47,130.30,24.35,179.97,
695,-353.00,816.00,36.00,206.00,-259.79,938.96,33.30,124.25,22.71,178.90,
696,-359.00,816.00,33.00,206.00,-268.49,932.12,23.35,119.09,20.94,178.34,
697,-352.00,799.00,34.00,203.00,-275.98,923.97,15.30,112.66,20.24,177.01,
698,-343.00,823.00,37.00,200.00,-282.12,918.86,9.27,109.90,20.82,176.72,
699,-341.00,845.00,37.00,198.00,-287.68,916.44,4.19,110.25,21.60,177.21,
700,-322.00,822.00,38.00,200.00,-290.91,911.89,2.07,108.30,23.31,177.26,
701,-289.00,837.00,35.00,199.00,-290.50,909.28,4.06,108.64,25.48,178.03,
702,-262.00,850.00,34.00,198.00,-287.26,908.30,9.09,110.79,28.03,179.18,
703,-258.00,863.00,35.00,198.00,-283.72,908.86,14.23,114.57,30.32,180.67,
704,-258.00,860.00,35.00,197.00,-280.33,909.21,18.95,117.89,32.06,181.55,
705,-262.00,870.00,35.00,200.00,-277.50,910.73,22.81,122.43,33.21,183.16,
706,-281.00,879.00,35.00,199.00,-276.78,913.21,24.10,127.78,33.36,184.50,
707,-263.00,866.00,35.00,197.00,-274.20,914.31,27.41,131.23,34.11,184.69,
708,-286.00,856.00,35.00,198.00,-274.14,914.41,27.74,133.39,33.79,184.49,
709,-276.00,887.00,37.00,197.00,-273.02,917.82,29.26,139.11,34.25,185.38,
710,-245.00,875.00,34.00,194.00,-268.75,919.85,34.14,142.91,35.16,185.07,
711,-226.00,898.00,31.00,197.00,-262.75,924.25,40.60,149.27,35.88,186.22,
712,-220.00,933.00,30.00,193.00,-256.47,932.09,46.93,159.01,36.28,187.63,
713,-195.00,954.00,29.00,193.00,-247.98,941.73,55.35,170.27,37.09,189.35,
714,-193.00,942.00,32.00,192.00,-239.77,949.61,63.10,178.90,38.05,189.69,
715,-193.00,954.00,33.00,191.00,-232.07,958.29,69.90,187.91,38.71,189.89,
716,-183.00,960.00,34.00,188.00,-223.82,967.08,76.95,196.44,39.49,189.41,
717,-214.00,944.00,34.00,189.00,-219.33,973.69,79.45,202.03,38.72,188.06,
718,-229.00,967.00,33.00,188.00,-216.76,982.25,79.60,209.43,37.19,187.33,
719,-254.00,995.00,33.00,191.00,-217.05,993.20,76.53,219.15,34.95,187.92,
720,-222.00,992.00,31.00,194.00,-214.11,1003.14,77.14,227.34,33.92,188.50,
721,-208.00,1016.00,31.00,196.00,-210.00,1014.92,79.02,237.22,33.48,189.91,
722,-203.00,1004.00,32.00,194.00,-205.69,1024.65,81.03,244.19,33.32,189.75,
723,-177.00,1012.00,32.00,193.00,-199.04,1034.50,85.55,250.90,33.96,189.44,
724,-147.00,1041.00,28.00,191.00,-189.80,1046.63,92.59,259.74,34.60,189.65,
725,-136.00,1031.00,29.00,191.00,-180.04,1056.85,99.87,265.94,35.36,188.94,
726,-137.00,1029.00,27.00,189.00,-171.10,1066.07,105.80,270.59,35.22,187.47,
727,-104.00,1031.00,28.00,189.00,-159.37,1074.75,114.54,274.37,36.14,186.05,
728,-118.00,1020.00,27.00,189.00,-149.94,1081.56,120.24,275.79,35.77,184.02,
729,-95.00,1056.00,24.00,188.00,-138.86,1091.48,127.34,280.56,35.40,183.36,
730,-127.00,1055.00,25.00,189.00,-131.93,1100.49,129.45,284.03,33.72,182.41,
731,-147.00,1023.00,25.00,190.00,-127.69,1105.41,128.44,282.70,31.37,180.09,
732,-140.00,1037.00,27.00,191.00,-123.19,1111.22,127.81,282.46,29.91,178.74,
733,-146.00,1048.00,30.00,192.00,-119.78,1117.58,126.06,282.84,28.87,177.98,
734,-179.00,1009.00,30.00,192.00,-120.22,1119.25,120.13,277.88,26.72,175.45,
735,-145.00,1016.00,31.00,193.00,-117.33,1121.26,118.25,273.63,26.38,173.89,
736,-179.00,1045.00,30.00,193.00,-118.36,1125.91,112.03,272.50,24.60,173.55,
737,-171.00,1034.00,28.00,191.00,-118.74,1128.86,106.81,269.48,23.11,172.34,
738,-180.00,1048.00,27.00,189.00,-120.25,1132.83,100.54,267.67,21.42,171.39,
739,-171.00,1086.00,26.00,188.00,-120.95,1140.25,95.43,269.80,20.23,171.81,
740,-194.00,1101.00,29.00,187.00,-124.18,1148.55,87.84,272.76,19.01,172.18,
741,-221.00,1106.00,25.00,185.00,-130.23,1156.63,77.36,275.21,16.45,171.91,
742,-190.00,1143.00,23.00,181.00,-132.91,1167.80,71.10,280.90,15.34,172.23,
743,-164.00,1145.00,23.00,180.00,-132.89,1178.26,68.19,285.46,15.48,172.05,
744,-147.00,1138.00,24.00,180.00,-131.22,1187.10,67.34,287.97,16.38,171.27,
745,-140.00,1141.00,21.00,183.00,-129.05,1195.47,67.04,289.91,16.78,170.96,
746,-97.00,1128.00,22.00,184.00,-122.65,1201.70,71.55,289.40,18.75,170.19,
747,-91.00,1127.00,21.00,186.00,-116.09,1207.18,76.01,288.13,20.16,169.63,
748,-76.00,1123.00,23.00,190.00,-108.45,1211.64,81.54,285.93,21.97,169.56,
749,-33.00,1143.00,21.00,191.00,-96.91,1217.61,91.08,285.62,24.36,170.42,
750,-47.00,1155.00,21.00,193.00,-87.61,1224.22,97.63,286.09,25.38,171.63,
751,-51.00,1136.00,18.00,193.00,-79.41,1228.17,102.53,283.56,25.19,171.57,
752,-48.00,1150.00,15.00,195.00,-71.56,1233.07,106.67,282.30,24.29,172.25,
753,-31.00,1131.00,15.00,195.00,-62.55,1235.42,111.87,278.26,23.88,171.91,
754,-13.00,1128.00,18.00,199.00,-52.36,1237.06,118.21,273.79,24.40,172.19,
755,-10.00,1143.00,21.00,196.00,-42.62,1239.87,123.76,270.78,25.09,172.37,
756,-15.00,1116.00,20.00,194.00,-34.17,1239.44,127.57,264.21,24.94,170.95,
757,-55.00,1089.00,23.00,197.00,-30.56,1235.97,125.89,254.64,23.61,169.12,
758,-80.00,1061.00,26.00,201.00,-29.97,1229.57,121.03,242.38,22.03,167.29,
759,-68.00,1065.00,22.00,203.00,-28.43,1223.72,117.36,231.48,20.43,166.62,
760,-107.00,1076.00,22.00,203.00,-31.26,1219.14,108.96,222.58,17.67,166.61,
761,-106.00,1069.00,18.00,202.00,-34.07,1213.91,100.87,213.41,14.85,166.36,
762,-109.00,1068.00,16.00,203.00,-37.27,1208.71,92.69,204.83,12.17,166.52,
763,-118.00,1050.00,14.00,202.00,-41.44,1201.79,83.79,194.76,9.43,165.97,
764,-107.00,1050.00,10.00,200.00,-44.44,1195.13,76.51,185.48,7.02,165.50,
765,-84.00,1047.00,11.00,199.00,-45.05,1188.42,72.29,176.66,6.17,165.20,
766,-109.00,1038.00,11.00,199.00,-48.37,1181.09,65.25,167.60,4.61,164.79,
767,-70.00,1044.00,10.00,201.00,-47.62,1174.74,63.11,160.27,4.68,165.51,
768,-91.00,1057.00,10.00,204.00,-49.22,1170.10,58.43,155.35,3.96,167.33,
769,-57.00,1049.00,8.00,202.00,-47.34,1164.86,57.83,150.03,4.30,168.48,
770,-61.00,1083.00,4.00,202.00,-46.13,1163.47,56.36,149.34,3.65,170.94,
771,-64.00,1098.00,3.00,205.00,-45.43,1163.75,54.34,150.71,2.79,174.13,
772,-35.00,1071.00,7.00,206.00,-41.85,1161.24,55.78,148.98,3.82,175.96,
773,-39.00,1026.00,6.00,206.00,-39.00,1154.23,56.36,142.29,4.21,175.77,
774,-76.00,1052.00,3.00,205.00,-40.28,1150.35,52.14,139.43,2.56,176.59,
775,-64.00,1077.00,3.00,201.00,-40.38,1149.32,49.43,139.82,1.69,177.73,
776,-80.00,1073.00,3.00,201.00,-42.25,1147.99,44.86,139.86,0.41,178.50,
777,-72.00,1043.00,6.00,202.00,-43.27,1143.68,41.60,136.60,0.26,178.21,
778,-46.00,1065.00,4.00,198.00,-41.64,1141.93,41.37,136.29,0.76,178.40,
779,-16.00,1082.00,4.00,199.00,-37.08,1142.13,44.44,138.24,2.19,179.57,
780,-7.00,1084.00,4.00,196.00,-31.93,1142.57,48.00,140.29,3.52,180.07,
781,-6.00,1098.00,5.00,193.00,-27.05,1144.49,51.08,143.78,4.63,180.45,
782,-33.00,1073.00,3.00,193.00,-25.37,1143.78,50.40,144.08,4.03,179.59,
783,-42.00,1052.00,4.00,194.00,-24.81,1140.97,48.55,142.04,3.33,178.22,
784,-17.00,1059.00,8.00,196.00,-21.76,1139.11,49.70,141.24,4.36,177.94,
785,-2.00,1068.00,6.00,197.00,-17.44,1138.35,52.16,141.76,5.28,178.36,
786,15.00,1080.00,6.00,201.00,-11.70,1138.97,56.09,143.96,6.48,179.97,
787,44.00,1066.00,6.00,205.00,-3.37,1138.17,62.74,144.62,8.29,181.52,
788,62.00,1090.00,4.00,206.00,6.25,1139.98,70.40,148.25,9.75,183.98,
789,82.00,1121.00,0.00,204.00,17.25,1144.97,79.04,155.22,10.59,186.80,
790,113.00,1127.00,4.00,205.00,30.73,1150.36,90.10,162.34,12.70,189.40,
791,122.00,1119.00,2.00,203.00,44.22,1154.65,100.53,167.80,13.89,190.61,
792,111.00,1105.00,2.00,204.00,55.63,1157.29,108.09,171.12,13.96,190.96,
793,117.00,1125.00,4.00,205.00,66.83,1161.88,115.03,176.48,14.18,192.08,
794,133.00,1105.00,5.00,203.00,78.84,1164.14,122.55,178.87,14.69,191.68,
795,132.00,1102.00,5.00,204.00,89.84,1165.97,128.53,180.66,14.63,191.27,
796,149.00,1092.00,2.00,206.00,101.71,1166.66,135.09,181.14,14.25,190.85,
797,140.00,1125.00,4.00,205.00,111.72,1170.74,139.21,185.33,13.53,191.52,
798,141.00,1124.00,1.00,206.00,120.96,1174.48,142.14,188.94,12.07,192.00,
799,145.00,1147.00,-1.00,206.00,129.78,1180.38,144.33,194.78,10.32,193.13,
800,154.00,1137.00,1.00,208.00,138.74,1184.90,146.61,198.82,9.25,193.78,
801,147.00,1134.00,1.00,208.00,146.15,1188.81,147.00,201.95,7.79,193.95,
802,112.00,1163.00,-1.00,206.00,149.16,1195.47,142.34,207.88,4.72,194.55,
803,92.00,1191.00,-3.00,202.00,149.56,1204.60,134.87,216.09,1.01,195.07,
804,88.00,1193.00,-2.00,203.00,149.19,1213.35,126.93,223.47,-1.99,195.36,
805,117.00,1180.00,-3.00,202.00,151.54,1220.15,122.39,228.24,-3.56,194.66,
806,111.00,1187.00,-6.00,205.00,152.80,1227.22,116.79,233.12,-5.68,194.60,
807,107.00,1193.00,-4.00,204.00,153.29,1234.39,110.66,237.80,-7.23,194.29,
808,113.00,1172.00,-1.00,202.00,154.11,1238.82,105.32,239.07,-7.76,192.59,
809,121.00,1162.00,0.00,202.00,155.44,1241.81,100.91,238.65,-7.74,190.66,
810,132.00,1172.00,3.00,203.00,157.60,1245.53,97.75,239.07,-6.83,189.56,
811,107.00,1196.00,2.00,206.00,156.78,1251.41,91.43,241.96,-7.23,189.90,
812,108.00,1232.00,5.00,202.00,155.88,1260.53,85.40,248.19,-6.95,190.64,
813,96.00,1217.00,5.00,202.00,153.56,1267.41,78.15,251.57,-7.10,190.25,
814,99.00,1248.00,9.00,200.00,151.49,1276.94,71.67,257.66,-6.30,190.53,
815,138.00,1229.00,10.00,199.00,153.40,1283.77,70.08,260.38,-3.98,189.60,
816,136.00,1188.00,8.00,198.00,154.82,1285.73,68.06,257.44,-2.57,186.76,
817,146.00,1159.00,9.00,202.00,157.05,1284.38,67.17,251.04,-0.93,183.97,
818,139.00,1158.00,8.00,202.00,158.26,1282.79,65.20,244.68,-0.09,181.68,
819,172.00,1176.00,8.00,204.00,162.69,1282.98,66.95,240.75,1.74,181.06,
820,194.00,1172.00,7.00,205.00,169.01,1282.56,70.72,236.39,3.69,180.64,
821,201.00,1187.00,7.00,203.00,175.56,1283.54,74.56,233.78,5.31,180.55,
822,209.00,1154.00,9.00,201.00,182.44,1280.86,78.67,227.13,7.04,178.80,
823,215.00,1131.00,8.00,198.00,189.40,1275.75,82.65,218.00,8.24,176.03,
824,184.00,1143.00,9.00,196.00,192.59,1272.03,82.24,210.79,8.03,173.95,
825,189.00,1103.00,7.00,195.00,195.95,1264.20,82.00,199.32,7.56,170.66,
826,183.00,1081.00,4.00,197.00,198.31,1254.42,80.61,186.31,6.30,167.76,
827,199.00,1109.00,0.00,196.00,202.01,1248.00,80.60,177.73,5.04,166.76,
828,218.00,1130.00,1.00,193.00,207.30,1244.03,82.36,172.29,4.74,166.54,
829,220.00,1137.00,3.00,193.00,212.34,1240.96,83.77,168.16,4.73,166.80,
830,181.00,1160.00,2.00,191.00,212.85,1240.41,79.99,166.99,2.96,167.52,
831,169.00,1184.00,3.00,189.00,211.91,1242.35,74.74,168.61,1.24,168.66,
832,153.00,1186.00,4.00,191.00,209.17,1244.38,67.79,170.30,-0.51,169.91,
833,176.00,1192.00,6.00,192.00,208.82,1246.89,63.92,172.53,-0.66,171.36,
834,197.00,1213.00,6.00,193.00,210.51,1251.42,62.52,176.97,0.00,173.53,
835,208.00,1187.00,9.00,193.00,213.13,1252.96,62.37,177.85,1.42,174.13,
836,179.00,1220.00,5.00,195.00,212.42,1257.83,58.38,182.46,0.72,176.11,
837,190.00,1184.00,3.00,193.00,212.74,1258.63,55.72,182.21,0.22,175.80,
838,222.00,1160.00,1.00,193.00,216.23,1256.83,56.71,179.08,0.59,174.68,
839,182.00,1170.00,-1.00,192.00,215.23,1256.12,52.56,177.27,-1.03,173.90,
840,193.00,1180.00,-3.00,192.00,215.29,1256.45,49.72,176.72,-2.28,173.73,
841,152.00,1175.00,-2.00,192.00,210.96,1256.21,42.16,175.52,-4.60,173.23,
842,140.00,1170.00,-4.00,193.00,205.50,1255.43,33.65,173.79,-7.12,172.80,
843,139.00,1184.00,-5.00,191.00,200.12,1256.10,25.62,173.73,-9.19,172.68,
844,137.00,1171.00,-7.00,189.00,194.74,1255.33,17.93,171.98,-11.11,171.70,
845,131.00,1189.00,-4.00,187.00,188.97,1256.43,10.28,172.35,-12.16,171.27,
846,146.00,1164.00,-6.00,187.00,185.01,1254.83,5.03,169.68,-12.61,169.97,
847,154.00,1141.00,-10.00,187.00,182.04,1250.89,1.08,164.53,-13.27,168.12,
848,144.00,1107.00,-11.00,185.00,178.17,1243.58,-3.68,155.78,-14.23,165.05,
849,137.00,1119.00,-11.00,182.00,173.76,1237.89,-8.80,149.19,-15.12,162.75,
850,133.00,1153.00,-14.00,182.00,169.14,1236.05,-14.01,147.26,-16.37,162.44,
851,104.00,1128.00,-15.00,184.00,161.77,1231.73,-22.04,142.69,-18.44,161.56,
852,136.00,1171.00,-12.00,184.00,158.14,1232.13,-25.42,143.71,-18.17,162.84,
853,126.00,1173.00,-12.00,185.00,153.70,1232.74,-29.52,144.95,-18.17,164.11,
854,140.00,1193.00,-8.00,186.00,151.01,1235.42,-31.32,148.53,-16.78,166.16,
855,118.00,1183.00,-12.00,183.00,146.21,1236.91,-35.50,150.47,-17.05,166.72,
856,125.00,1214.00,-14.00,185.00,142.43,1241.57,-38.38,155.96,-17.20,168.74,
857,140.00,1238.00,-14.00,185.00,140.46,1248.48,-39.10,163.71,-16.64,171.22,
858,100.00,1208.00,-13.00,184.00,134.52,1251.88,-44.16,167.04,-17.37,171.46,
859,97.00,1183.00,-10.00,184.00,128.69,1252.47,-48.72,167.04,-17.31,170.55,
860,76.00,1210.00,-12.00,184.00,121.06,1255.81,-55.11,170.11,-18.16,170.79,
861,90.00,1222.00,-10.00,187.00,115.40,1260.21,-58.89,174.32,-17.71,171.94,
862,60.00,1204.00,-11.00,185.00,107.04,1262.45,-65.49,175.79,-18.38,171.55,
863,65.00,1183.00,-12.00,186.00,99.78,1262.35,-70.51,174.58,-18.63,170.54,
864,84.00,1181.00,-10.00,184.00,95.03,1261.98,-72.38,173.09,-17.51,169.38,
865,124.00,1171.00,-8.00,184.00,94.86,1260.54,-68.94,170.51,-14.63,168.21,
866,150.00,1142.00,-8.00,185.00,97.56,1256.12,-62.39,164.78,-11.33,166.46,
867,144.00,1139.00,-7.00,188.00,99.63,1251.63,-56.80,159.34,-8.77,165.59,
868,170.00,1163.00,-10.00,192.00,104.42,1249.88,-48.55,157.44,-6.36,166.82,
869,179.00,1158.00,-9.00,188.00,110.00,1247.68,-39.80,155.03,-4.07,167.00,
870,179.00,1156.00,-8.00,190.00,115.40,1245.40,-31.68,152.73,-2.23,167.49,
871,151.00,1130.00,-10.00,189.00,117.66,1240.55,-27.52,147.60,-2.30,166.67,
872,139.00,1159.00,-12.00,188.00,118.62,1238.99,-25.15,146.41,-3.23,167.10,
873,123.00,1153.00,-11.00,188.00,117.93,1236.91,-24.75,144.69,-4.43,167.22,
874,118.00,1173.00,-8.00,187.00,116.82,1237.05,-24.78,145.52,-5.03,167.99,
875,112.00,1175.00,-8.00,186.00,115.21,1237.42,-25.40,146.52,-5.70,168.49,
876,108.00,1150.00,-8.00,183.00,113.33,1235.16,-26.29,144.43,-6.33,167.36,
877,136.00,1167.00,-10.00,181.00,114.50,1234.81,-23.80,144.54,-6.13,166.94,
878,161.00,1157.00,-12.00,182.00,118.25,1233.46,-18.61,143.57,-5.47,166.48,
879,183.00,1147.00,-11.00,181.00,124.13,1231.16,-11.28,141.58,-4.11,165.66,
880,174.00,1136.00,-12.00,179.00,128.79,1227.85,-5.74,138.47,-3.72,164.23,
881,192.00,1139.00,-15.00,178.00,135.05,1225.07,1.21,136.08,-3.47,163.17,
882,194.00,1178.00,-16.00,175.00,141.18,1226.51,7.54,138.44,-3.62,163.40,
883,169.00,1194.00,-15.00,178.00,144.35,1229.60,10.24,142.60,-4.68,164.58,
884,177.00,1203.00,-15.00,175.00,148.15,1233.46,13.45,147.32,-5.39,165.24,
885,159.00,1212.00,-18.00,175.00,149.81,1238.07,13.97,152.59,-7.30,165.90,
886,160.00,1201.00,-19.00,177.00,151.44,1241.30,14.38,156.10,-9.07,166.17,
887,164.00,1168.00,-21.00,176.00,153.33,1240.91,15.00,155.31,-10.79,164.80,
888,134.00,1183.00,-19.00,176.00,151.95,1242.10,11.95,156.29,-13.00,164.16,
889,137.00,1207.00,-18.00,175.00,150.90,1245.70,9.41,159.89,-14.46,164.36,
890,129.00,1213.00,-18.00,171.00,149.02,1249.69,6.03,163.57,-15.90,163.87,
891,84.00,1219.00,-19.00,169.00,142.51,1254.05,-2.40,167.35,-18.81,163.03,
892,90.00,1216.00,-17.00,169.00,136.94,1257.82,-9.28,170.25,-20.37,162.08,
893,97.00,1212.00,-15.00,167.00,132.39,1260.89,-14.60,172.15,-20.82,160.69,
894,101.00,1211.00,-17.00,164.00,128.49,1263.62,-18.98,173.43,-21.23,158.87,
895,84.00,1235.00,-14.00,163.00,123.04,1268.62,-24.77,177.12,-21.49,157.99,
896,78.00,1253.00,-15.00,165.00,117.27,1275.16,-30.64,182.39,-21.90,158.12,
897,61.00,1239.00,-14.00,163.00,110.08,1279.78,-37.73,185.13,-22.44,157.02,
898,59.00,1223.00,-14.00,165.00,103.12,1282.40,-44.14,185.52,-22.69,155.68,
899,61.00,1211.00,-18.00,165.00,96.78,1283.52,-49.61,184.20,-23.28,154.04,
900,56.00,1214.00,-15.00,169.00,90.36,1284.81,-54.76,183.25,-23.16,153.50,
901,54.00,1181.00,-14.00,171.00,84.19,1282.50,-59.28,178.38,-22.72,152.09,
902,46.00,1211.00,-11.00,170.00,77.63,1283.34,-63.91,177.26,-21.88,152.03,
903,32.00,1208.00,-12.00,173.00,70.08,1283.74,-69.38,175.82,-21.62,152.34,
904,69.00,1240.00,-10.00,175.00,66.92,1287.38,-69.59,178.20,-19.44,154.36,
905,40.00,1226.00,-11.00,171.00,61.06,1289.26,-72.83,178.34,-18.76,154.51,
906,15.00,1258.00,-12.00,172.00,53.04,1294.28,-78.32,182.02,-19.07,155.92,
907,13.00,1265.00,-12.00,172.00,45.40,1299.67,-83.10,185.94,-19.09,157.18,
908,-3.00,1238.00,-11.00,169.00,36.69,1301.84,-88.76,185.92,-19.23,156.35,
909,4.00,1256.00,-9.00,170.00,29.37,1305.66,-92.51,187.80,-18.40,156.54,
910,-8.00,1220.00,-10.00,172.00,21.40,1305.44,-96.75,185.10,-18.06,155.47,
911,15.00,1248.00,-10.00,171.00,16.44,1308.02,-97.39,185.68,-16.67,155.64,
912,43.00,1215.00,-10.00,172.00,14.89,1306.93,-94.13,182.18,-14.34,154.68,
913,21.00,1191.00,-8.00,172.00,11.36,1303.30,-93.13,175.99,-12.81,152.93,
914,-11.00,1215.00,-8.00,173.00,4.90,1302.30,-95.45,173.06,-12.58,152.66,
915,-10.00,1213.00,-5.00,176.00,-0.86,1301.07,-96.77,170.17,-11.58,152.98,
916,20.00,1196.00,-7.00,179.00,-2.98,1298.09,-93.94,165.60,-9.83,153.30,
917,22.00,1194.00,-5.00,176.00,-4.55,1294.98,-90.58,161.06,-7.90,153.08,
918,41.00,1176.00,-9.00,177.00,-3.85,1290.13,-84.94,154.86,-6.30,152.58,
919,70.00,1177.00,-8.00,178.00,0.04,1285.61,-75.99,149.44,-3.80,152.70,
920,105.00,1174.00,-9.00,180.00,7.55,1281.01,-63.47,144.33,-0.83,153.33,
921,89.00,1157.00,-9.00,181.00,13.16,1274.90,-53.70,137.84,0.74,153.47,
922,99.00,1176.00,-6.00,179.00,19.67,1271.10,-43.39,134.24,2.70,154.24,
923,118.00,1182.00,-8.00,178.00,27.92,1268.14,-31.75,131.78,4.38,155.12,
924,119.00,1192.00,-12.00,175.00,35.90,1266.40,-21.18,130.73,4.76,155.78,
925,114.00,1173.00,-10.00,175.00,43.02,1262.82,-12.09,127.67,4.94,155.61,
926,122.00,1162.00,-13.00,176.00,50.62,1258.33,-3.04,123.79,4.56,155.36,
927,127.00,1161.00,-12.00,177.00,58.36,1254.05,5.69,120.39,4.33,155.47,
928,122.00,1185.00,-14.00,177.00,65.16,1252.55,12.78,120.29,3.30,156.63,
929,123.00,1178.00,-18.00,177.00,71.65,1250.47,18.99,119.56,1.51,157.34,
930,127.00,1184.00,-14.00,177.00,78.19,1249.20,24.99,119.79,0.67,158.23,
931,156.00,1181.00,-14.00,176.00,87.34,1247.75,33.54,119.79,0.77,158.79,
932,159.00,1163.00,-14.00,174.00,96.23,1244.55,41.34,117.78,0.62,158.22,
933,182.00,1158.00,-18.00,172.00,106.92,1241.07,50.59,115.50,0.27,157.38,
934,183.00,1133.00,-19.00,172.00,117.01,1235.25,58.64,110.69,-0.56,155.81,
935,196.00,1152.00,-20.00,170.00,127.76,1231.80,66.90,108.72,-1.33,155.15,
936,209.00,1186.00,-21.00,170.00,139.10,1232.15,75.29,111.14,-2.08,156.09,
937,233.00,1179.00,-25.00,166.00,152.12,1231.82,84.94,112.54,-2.97,155.90,
938,197.00,1166.00,-25.00,164.00,160.48,1230.23,88.82,112.33,-5.48,154.70,
939,175.00,1164.00,-28.00,165.00,165.85,1228.61,89.02,112.07,-9.18,153.77,
940,185.00,1143.00,-25.00,164.00,171.75,1224.95,89.84,109.50,-11.51,152.08,
941,207.00,1143.00,-26.00,166.00,179.36,1221.58,92.47,107.46,-13.02,151.26,
942,209.00,1168.00,-26.00,170.00,186.52,1221.10,94.40,108.89,-14.46,152.41,
943,208.00,1172.00,-27.00,168.00,192.91,1221.13,95.30,110.77,-16.12,153.13,
944,209.00,1144.00,-23.00,168.00,198.82,1218.33,95.72,109.35,-16.95,152.60,
945,173.00,1120.00,-24.00,169.00,200.39,1213.27,91.25,105.47,-19.33,151.37,
946,162.00,1115.00,-22.00,172.00,200.48,1208.07,85.40,101.72,-21.35,150.86,
947,174.00,1105.00,-21.00,171.00,201.56,1202.20,80.99,97.39,-22.40,150.13,
948,156.00,1104.00,-19.00,172.00,200.48,1196.66,74.44,93.68,-23.57,149.84,
949,186.00,1130.00,-17.00,174.00,202.35,1194.24,71.58,93.78,-23.04,151.32,
950,170.00,1091.00,-17.00,174.00,202.23,1188.01,66.70,89.60,-23.25,151.03,
951,158.00,1100.00,-14.00,174.00,200.68,1183.19,60.55,87.21,-23.29,151.36,
952,156.00,1113.00,-17.00,173.00,198.78,1180.10,54.26,86.89,-23.87,152.16,
953,157.00,1128.00,-19.00,172.00,196.89,1178.87,48.22,88.65,-24.59,153.35,
954,151.00,1104.00,-22.00,171.00,194.29,1175.34,41.65,87.70,-25.86,153.23,
955,167.00,1122.00,-22.00,171.00,193.33,1174.01,37.23,89.29,-26.22,154.06,
956,165.00,1080.00,-26.00,172.00,192.06,1168.51,32.61,86.17,-27.27,153.31,
957,186.00,1057.00,-26.00,175.00,192.90,1161.08,30.63,81.15,-27.32,152.64,
958,189.00,1064.00,-27.00,174.00,193.86,1154.91,28.86,77.80,-27.46,152.49,
959,222.00,1060.00,-31.00,173.00,198.06,1148.82,30.67,74.71,-27.14,152.40,
960,222.00,1058.00,-32.00,172.00,201.89,1143.00,31.93,72.08,-27.21,152.30,
961,197.00,1022.00,-34.00,170.00,202.78,1133.92,29.79,65.82,-28.67,150.57,
962,194.00,1058.00,-36.00,166.00,203.15,1129.23,27.06,64.69,-30.36,150.20,
963,195.00,1060.00,-36.00,164.00,203.47,1125.18,24.38,64.26,-31.72,149.80,
964,154.00,1017.00,-33.00,164.00,199.40,1117.06,17.05,59.24,-33.77,147.80,
965,143.00,993.00,-34.00,167.00,194.29,1107.10,8.93,52.49,-35.87,146.06,
966,179.00,945.00,-30.00,165.00,193.14,1092.87,5.80,41.28,-35.38,142.95,
967,168.00,909.00,-29.00,167.00,190.83,1075.89,1.64,27.63,-35.15,139.89,
968,128.00,934.00,-27.00,168.00,184.42,1062.71,-6.84,18.94,-35.94,139.10,
969,162.00,975.00,-28.00,168.00,181.82,1054.77,-10.68,16.68,-35.31,140.74,
970,129.00,979.00,-31.00,167.00,175.86,1047.96,-18.16,15.77,-36.41,142.27,
971,121.00,1003.00,-32.00,169.00,169.35,1044.32,-25.92,18.56,-37.56,145.09,
972,114.00,970.00,-30.00,170.00,162.47,1037.75,-33.60,17.97,-38.14,146.42,
973,119.00,980.00,-28.00,173.00,156.48,1032.88,-39.81,19.46,-37.81,148.75,
974,107.00,959.00,-29.00,174.00,149.59,1026.39,-46.70,19.12,-37.93,150.18,
975,90.00,997.00,-29.00,176.00,141.33,1024.53,-54.77,24.06,-38.38,153.43,
976,86.00,1007.00,-30.00,179.00,133.15,1024.13,-62.36,30.52,-38.76,157.10,
977,97.00,1032.00,-27.00,181.00,126.64,1026.64,-67.61,40.05,-37.83,161.53,
978,90.00,1032.00,-30.00,183.00,119.81,1029.32,-72.99,49.34,-37.61,165.40,
979,63.00,1068.00,-28.00,179.00,110.65,1035.83,-80.68,62.33,-37.79,169.07,
980,50.00,1074.00,-26.00,181.00,100.76,1042.87,-88.70,75.30,-37.70,172.38,
981,27.00,1096.00,-26.00,185.00,89.14,1052.06,-98.22,90.12,-38.08,176.33,
982,11.00,1088.00,-26.00,186.00,76.65,1060.11,-108.18,102.92,-38.53,179.03,
983,4.00,1076.00,-24.00,188.00,64.29,1066.64,-117.36,113.42,-38.33,180.81,
984,-7.00,1071.00,-23.00,191.00,51.68,1072.45,-126.27,122.64,-37.92,182.35,
985,28.00,1046.00,-24.00,191.00,43.61,1075.45,-129.59,128.26,-36.03,182.56,
986,30.00,1074.00,-26.00,193.00,36.41,1081.32,-131.79,136.86,-34.48,184.09,
987,45.00,1087.00,-28.00,191.00,31.40,1088.29,-131.48,146.20,-32.76,185.34,
988,50.00,1079.00,-25.00,189.00,27.46,1094.10,-129.86,153.67,-30.46,185.43,
989,30.00,1092.00,-26.00,188.00,21.90,1100.98,-130.14,161.88,-29.33,185.53,
990,11.00,1124.00,-25.00,187.00,14.92,1110.85,-131.97,172.93,-28.70,186.36,
991,36.00,1123.00,-22.00,189.00,11.21,1120.08,-129.93,182.76,-26.50,187.06,
992,34.00,1091.00,-23.00,189.00,7.76,1125.46,-127.66,187.72,-24.81,186.01,
993,28.00,1099.00,-21.00,187.00,4.14,1131.32,-125.62,192.87,-23.17,184.87,
994,61.00,1083.00,-17.00,186.00,4.44,1135.14,-119.13,195.41,-19.79,183.02,
995,66.00,1123.00,-17.00,187.00,5.51,1142.85,-112.12,202.19,-16.86,183.11,
996,73.00,1130.00,-19.00,183.00,7.47,1150.76,-104.52,208.69,-14.61,182.45,
997,103.00,1099.00,-22.00,185.00,12.67,1154.92,-93.72,210.70,-12.32,180.83,
998,147.00,1085.00,-22.00,188.00,22.38,1157.31,-78.40,210.72,-9.07,179.46,
999,153.00,1089.00,-25.00,190.00,32.37,1159.88,-63.66,211.00,-7.11,178.75,
